Hugo_Symbol,KRT17,ESR1,KRT14,EGFR,KRT5,DDX41,STAT5A,STAT5B,MKI67,CDC20,RFWD3,SIAH2,CDH3,SMIM14,FCN1,ACTR3B,RAB17,SUSD3,TYMS,INAVA,PRRG2,DNMT3B,PBK,TTYH1,IL34,SLC39A6,OVOL2,FABP5,CLEC10A,ELF5,MAGED2,ABAT,SLC43A3,FOXC1,RERG,RPL21,BCL10,PLPP3,RMND5B,MARCHF6,ISCU,PRNP,GSK3B,RPL10A,C1R,FOXP1-IT1,EZR,CFH,SDHD,KLRB1,ZFP36L2,ARFGAP1,SELENOF,CHTF18,CTHRC1,HSD17B6,LRRC38,CES1,ATP1A2,SCN2A,COL10A1,PENK,CXCL3,MRGPRX2,BGN,SLC10A6,CCDC141,PKHD1L1,OR2L13,DSC1
KRT17,1.0,-0.41478839273926676,0.8311122787515491,0.5646282872869661,0.8786776377347074,-0.11728646123952093,0.12319015462271547,0.07668049824296166,-0.04227575801921638,0.03262690198529369,0.09730326178920705,-0.2502868421544824,0.6085187281866293,-0.13703650706278214,0.2344075833322308,0.2346294102690507,-0.2897890122533098,-0.17904034095015978,-0.01248039883734417,0.35120780498098114,-0.19386459077694562,0.005321751516136852,-0.15210023342391865,0.48555074548111293,0.4732048595862653,-0.2568152416982199,-0.15593584502008886,0.26805163561575945,0.24671308714551357,0.4551289103308567,-0.32794985929709114,-0.23958630831528646,0.249637037823642,0.6334437796969515,-0.19835979503012835,0.14220438254918172,0.07846155395518203,0.3269446123474311,-0.3076463169381314,-0.07588663721954694,0.06517108464303839,0.4224956188738025,0.004824248694570719,0.10424316426009113,0.2735898289716588,-0.166836734081624,-0.12334167056028814,0.21849312878216448,0.09399471460158776,0.21656815440017246,0.3023556421586496,-0.006033143918248865,0.0868461884061851,-0.15221626038094033,0.07454368996556053,-0.014601102207926476,-0.011168504382728239,0.2402208940275983,0.0718115132908709,0.34289360130332636,-0.015856539766754687,0.17302108001298197,-0.025333158601058604,-0.015070958989459489,0.16660215329183606,0.029637271142737905,0.011441262716419123,0.05657521819562514,0.0992249829488493,0.23304569922421078
ESR1,-0.41478839273926676,1.0,-0.2233971664240138,-0.638223267845945,-0.400731432550916,0.05141330111459189,-0.1424732214123067,0.17464330175457982,-0.1907822094593586,-0.37456775202106773,-0.3294458250086319,0.5625287563517197,-0.5245895391754,0.4241917717758968,-0.42212803442942926,-0.2150042592413873,0.5912338283810915,0.5678687409612411,-0.21032918255292304,-0.5464992891446638,0.4526557269439509,-0.2512127018057184,-0.016561655421322853,-0.39576381819477796,-0.42578600969488983,0.6793564843805654,0.4517287605594332,-0.48755764647181205,-0.29822413171910533,-0.4132783044795283,0.5996499884533624,0.5732747194956507,-0.47828424307193096,-0.4851035386072888,0.6994262757441913,-0.15961338894673324,-0.09854367144067186,-0.324768826073453,0.39285070671319644,0.18730998187235198,0.02006694538460016,-0.4714347869871157,-0.20784159950666672,-0.07150323391187713,-0.37685241088073473,0.3865285362710852,0.29794437442818844,-0.2553569678650034,-0.21358535498689868,-0.38506775516198194,-0.3003997110501037,-0.059160595366459616,-0.08930933178577474,0.13146762676836335,-0.22957709449183528,-0.09844616887101588,-0.05367118740936185,-0.17932170580756263,0.09520750196969874,-0.13102964685165774,-0.007306217342194086,-0.10825494113226714,-0.03267969238922711,-0.0012316294890927526,-0.09465777410068046,0.005224912345803795,0.016318861389046372,-0.21672734939766486,0.016946858200402395,-0.1930025298423744
KRT14,0.8311122787515491,-0.2233971664240138,1.0,0.4335275559483631,0.8313169703488613,-0.17023673487308486,0.10820323655699553,0.16625894787443682,-0.20029959027038546,-0.17814538155051995,-0.07718754095469038,-0.1215746846322802,0.41624988711481936,-0.007171245902518565,0.21607816572254224,0.1677576250825945,-0.17291807569005488,-0.011580194711242407,-0.12125080067852884,0.1769274926529679,-0.09239100573614456,-0.1362458738615512,-0.24007738837002035,0.46737075661080113,0.42167600301796304,-0.07464351337813235,-0.04511176121160583,0.20063764678560383,0.30916242159886526,0.4023466089220152,-0.16235276352984143,-0.09235892589295085,0.14494250589974692,0.5243041925074481,0.004715357103876327,0.2108466106041886,0.09396051962087587,0.3765943490280883,-0.24414695351236487,-0.07704684615463613,0.2262877297653533,0.37815139992566627,-0.14962291225092283,0.1982995364019108,0.2502390262004923,-0.11212239727292211,-0.14492575102033758,0.27957528540844984,0.12757746962761182,0.25686075643815875,0.3375445258520247,-0.10702456134774747,0.13691105646143464,-0.2497321314481467,0.037305594391234695,-0.03387529274039983,-0.006051310806741229,0.2315898861663797,0.1932985421354492,0.3100697972221476,-0.002867299211099524,0.23480121447097682,-0.044662102306003836,-0.011238618113087078,0.12644646530055825,0.04549625190754702,0.002200219905505801,0.025093091159639997,0.13745080019408432,0.20634536920236235
EGFR,0.5646282872869661,-0.638223267845945,0.4335275559483631,1.0,0.6075356894007224,-0.1337205563253916,0.11851196448548525,-0.005750718167732397,0.046143997636158826,0.14504200158270078,0.16076864898820623,-0.43171102937304867,0.57922166254598,-0.32881402409897076,0.3594861756232108,0.26850841523613744,-0.5212484839802255,-0.39473174793672466,0.07645581367568734,0.45208625796113366,-0.41632799205786114,0.1374874086274281,-0.15121923620580607,0.49884985855560426,0.5292523917961021,-0.517011390672879,-0.3359247505083721,0.485808317936599,0.32112349834915715,0.45271919694714696,-0.5574977260913262,-0.4405495159047793,0.4530787389360274,0.628408341021826,-0.430441831607957,0.17789562519931057,0.13015245931946018,0.4250564540619084,-0.4149034749557018,-0.16915782423486275,0.048933566706520555,0.525733188664218,0.09037659949737369,0.08291825818560282,0.36888295491548,-0.30139871353938424,-0.27784813576626183,0.33314223276913274,0.17868456438306374,0.32768275766131577,0.4054131632598641,-0.002523477975922335,0.10913009253659389,-0.19486560671369826,0.14179831650996838,0.02991210299528201,0.007403297238342381,0.2613387160614529,0.07776418609904173,0.2504099811079511,-0.015522745335830616,0.23083987374009488,-0.011990529947637312,-0.01925473876526834,0.16927286705679773,0.040334884326914844,0.027212774640600536,0.13700374915170194,0.02131557475951831,0.2370467023684
KRT5,0.8786776377347074,-0.400731432550916,0.8313169703488613,0.6075356894007224,1.0,-0.13985842156924255,0.10777527440550912,0.0960915515157424,-0.048006297720521965,0.006363499555718515,0.07563249238612137,-0.230863993740043,0.5784658588785784,-0.17656701693259483,0.2623224600271805,0.2692096520808979,-0.3244171863407757,-0.1822203212904191,0.0032735719541791782,0.32521940909540004,-0.20728665275918895,0.0012369242828586464,-0.15924938047137976,0.5183331836558347,0.4982601311575553,-0.23802872728071423,-0.1688229675765897,0.3042290503752541,0.30774629050449726,0.4871336365776624,-0.34054194755781175,-0.25288356810512014,0.2875354643557063,0.6379492666596115,-0.16251968683080642,0.16749180986613948,0.09895494470205163,0.37634657390699966,-0.325290483879894,-0.1113332713689046,0.11257218692037824,0.45572293195319785,-0.047651167020287565,0.13325587463409538,0.276966575857697,-0.18466307548608107,-0.185788019446746,0.23563126104521528,0.12315099588339695,0.26510707275709866,0.3497065023269991,-0.03837532220228307,0.11506408755633386,-0.173230935588667,0.04319597225257477,-0.053662740789941855,-0.02356713767807123,0.2024316234958838,0.12417531581203496,0.3286300187782773,-0.06689496242971954,0.19760737507234294,-0.009552039221792171,-0.008744938661838817,0.12478516133973282,0.028244419729322328,0.017001447812300393,0.08915527271969464,0.11679680170321449,0.24597457728913263
DDX41,-0.11728646123952093,0.05141330111459189,-0.17023673487308486,-0.1337205563253916,-0.13985842156924255,1.0,-0.16866616733685352,-0.0872070908995963,0.23516339634271644,0.27920042004358003,0.21653245422020947,-0.017733321528874135,0.028880192371792367,0.108739728276589,-0.18392477989456443,-0.06953500605060492,0.14486657466969466,-0.044289616806727446,-0.0073266849836001085,0.04920738803667219,0.20746756334795585,0.24165470351927412,0.13325649348228785,-0.11373191301152044,-0.15611884323961808,-0.07051350336664458,0.11817522125202913,-0.14540012022889176,-0.24126234444405695,-0.14470991000304714,0.1341755378330077,-0.022217059335548215,-0.15121719767999436,-0.0965529615423031,-0.09252249250094138,-0.3917656473528405,-0.27922255750343244,-0.38408199801246823,0.6129122315018739,0.3529196009850941,-0.2907824870970043,-0.31263193696603414,0.33859304837485915,-0.39031169954059086,-0.3097151635687927,0.2831565834218143,0.26897298489936783,-0.36192755518678027,-0.4388194108700535,-0.2861768754696228,-0.3189420503877225,0.44955842072242624,-0.4606735000804917,0.3254798218156458,-0.25804340435357226,-0.08121109474879838,0.01912734419634073,-0.09704273901007751,-0.16205428475317898,-0.04494071317259729,-0.0821440175846329,-0.09651263237485011,-0.011078262589228638,0.012688840240205253,0.125695241502244,-0.05215377559663862,0.008914495305496812,-0.16065706476344804,-0.05817781886093877,-0.08098414504232651
STAT5A,0.12319015462271547,-0.1424732214123067,0.10820323655699553,0.11851196448548525,0.10777527440550912,-0.16866616733685352,1.0,0.40741633398342353,-0.18458289308099965,-0.13670228798851192,-0.14466393711651904,-0.11762022108858475,0.102119033204929,-0.028296588899043396,0.2843522903980301,-0.004376709129502282,-0.1561060752168224,0.06219088284096458,-0.16454956299856416,-0.03865026301351283,-0.1726152568725598,-0.11183966429263732,-0.21233280072193786,0.07188609151621127,0.32219235105815924,-0.16610446554607958,-0.1652672793132169,0.11724713607675036,0.28361506443181994,0.1322458760399041,-0.21139780177743053,-0.036646414765415136,0.10407016280803041,0.11858252496824226,-0.11319956335346378,0.12392685257660199,0.06616841887034357,0.13781795688278944,-0.20787119178537272,-0.07934980481434148,0.20563541243854297,0.12678263358745082,-0.0691317081567167,0.09408420067114356,0.21336708412698333,-0.12822916062575912,-0.11011259744786908,0.21145038902868488,0.14246343538222117,0.3043352842404939,0.20985550048528906,-0.09059548062205978,0.07045271297723832,-0.14846577059426563,0.055270515242615545,-0.1341034181452303,0.031445758698167285,0.2238114560294217,0.0369011637884021,0.06308255592973319,-0.1130815442901857,0.10191798208092148,0.010206097956378453,-0.09587070387895016,-0.05922311350892882,0.01842141382768989,0.0056098099035367215,0.07720726770233823,0.054662714223828006,0.051337253883188674
STAT5B,0.07668049824296166,0.17464330175457982,0.16625894787443682,-0.005750718167732397,0.0960915515157424,-0.0872070908995963,0.40741633398342353,1.0,-0.23999997653299884,-0.3553286925483653,-0.27610477809645606,0.06248577757462383,-0.07432910497221995,0.13402368533082717,0.05515373560680569,0.014819826089866338,0.0666866957334826,0.2220111854416992,-0.3073648470915084,-0.26616386237646766,0.011802385855774542,-0.15813898030800377,-0.25521350041988716,0.02316563424732192,0.14311219544255532,0.10996848991234469,0.03031688375957472,-0.0728687002260393,0.16673428218835004,0.015429615274407504,-0.01667432774850372,0.09946224697456856,-0.13150209563244705,0.07713340126084654,0.23242690170361813,-0.03819909824399812,-0.1141280285856285,0.06442712225482411,0.01841946098926428,0.17277102135971661,0.18937100652423694,0.022202827720783264,-0.20747011783441602,-0.03082873206193946,-0.08966191978701343,0.18208743102197608,0.008968206023520687,0.052235591642053304,-0.097857503111,0.08123735467488584,0.08289701579356522,-0.03006736333719934,-0.08342609764852547,-0.058804726278627796,-0.22912075446527982,-0.2810381553574426,-0.06098444693644867,0.04604251101752537,0.2281569971570542,0.12303120434746398,-0.21554018142717157,0.15730857004020873,-0.0176475535552184,-0.036079988635324044,-0.048209019828410846,0.031278402917961856,0.032260941029038884,-0.019904909531030763,0.08017838532219125,0.056424966906754956
MKI67,-0.04227575801921638,-0.1907822094593586,-0.20029959027038546,0.046143997636158826,-0.048006297720521965,0.23516339634271644,-0.18458289308099965,-0.23999997653299884,1.0,0.7407991263263648,0.5167580475191283,-0.13020993292738062,0.19553291592568156,-0.2577833001253185,0.014770635408953505,0.17288014171363375,-0.1801942350586567,-0.30068051935334483,0.5316361057053897,0.3595137764985342,-0.14753950112408207,0.5078694739754285,0.6053672950381025,0.06295303873616025,-0.005569571875394963,-0.25017103218945774,-0.11192089527273856,0.02464257030882681,-0.15740942892480955,0.1287251916537609,-0.17377381474781295,-0.28313751683949573,0.13513851450695766,0.037992503055461826,-0.2875189225058424,-0.27352756510588694,-0.28494442976384876,-0.32487881603885044,0.1024711724085099,0.16903772311682874,-0.4198958220473033,-0.14851108981677444,0.3529696808622857,-0.2763216808719798,-0.2518407155474893,0.09059570701500866,0.2092843501444416,-0.366962309948748,-0.2834995072896147,-0.10676044070675474,-0.27610737206586244,0.24086498618624758,-0.29710420890662753,0.4491665452024557,-0.19468645256080794,-0.12473186270356766,-0.02393311959582578,-0.2733054907083093,-0.2575412077165746,-0.0637462889369909,-0.24287817909341827,-0.1788935975319494,-0.03960853682691235,0.046769524816904315,-0.09174123696665344,-0.08821032172417248,-0.006923982977739596,0.08213613636955626,-0.05480761813346756,0.005830394466069424
CDC20,0.03262690198529369,-0.37456775202106773,-0.17814538155051995,0.14504200158270078,0.006363499555718515,0.27920042004358003,-0.13670228798851192,-0.3553286925483653,0.7407991263263648,1.0,0.6185607931535969,-0.24771406213953606,0.3299897119503591,-0.3109372201167967,0.10435773778268041,0.17202927948026414,-0.26344058955095806,-0.37928913024009553,0.5827409825367533,0.4972978282274248,-0.1728721649014012,0.5854175060771601,0.594187138724431,0.11518028145606435,0.05946175630582763,-0.42276792237446,-0.1811476512349718,0.11633033623232537,-0.12107886086619954,0.17027838906752166,-0.2551083243720401,-0.43107422380690325,0.20329708354313242,0.11609416106508333,-0.4547712277322236,-0.25898084970746804,-0.23822247540921307,-0.28033368046047363,0.06777252495382312,0.14822551825712596,-0.4896481400753335,-0.10115630805958285,0.510075573539811,-0.2863644425305596,-0.16184499931089263,0.02134938878845743,0.18431051825831618,-0.3382376956749775,-0.2410664293389285,-0.0304413401813533,-0.254640537793601,0.323862209215475,-0.27048419851784866,0.4908865940616574,-0.11524688101281266,-0.06690599510915092,0.010069891938460014,-0.21947830978072522,-0.3432103246831969,-0.04252599625796879,-0.21336543514954917,-0.16996317958299365,-0.034487937678106706,0.039276663486327766,-0.047763287185446666,-0.0817760347584685,-0.012160542008557762,0.08206884528071653,-0.11206512308049123,0.029371721624396312
RFWD3,0.09730326178920705,-0.3294458250086319,-0.07718754095469038,0.16076864898820623,0.07563249238612137,0.21653245422020947,-0.14466393711651904,-0.27610477809645606,0.5167580475191283,0.6185607931535969,1.0,-0.3236000389743926,0.31197571708585325,-0.2974400069437592,0.09849748537144434,0.1664895805927064,-0.22994731255775427,-0.4091251363507844,0.3455997168587282,0.45211868191522153,-0.10190899955175833,0.4988954680956473,0.4227486343669986,0.19392483858660794,0.13237490671320898,-0.3690170237599306,-0.13760043907352737,0.0637262713495866,-0.06382563838257696,0.20009215428106056,-0.26403008661875027,-0.41638448998263267,0.13013068282172494,0.22647914839720326,-0.3605869887463031,-0.24399126757947695,-0.23141323385653528,-0.22828043704537243,0.01393060903277528,0.13809708586592467,-0.40291554108379196,0.007426703608700494,0.407389953616255,-0.2716657624656899,-0.1394200769248922,0.016087979796849915,0.11895950722889595,-0.29638047400202194,-0.24543225460366483,-0.02448588366779439,-0.24287183608028184,0.34333141528719263,-0.28774435340811805,0.3150930855159376,-0.15544853983518725,-0.12354867579879272,0.019537494929058114,-0.14969586711750646,-0.23915018705854155,0.03816152442509865,-0.24176021704367337,-0.11743159277831951,-0.07538354112953888,0.06700185178639885,-0.06437425172466953,-0.06642748357644544,0.02206741557301845,0.09928819328753054,-0.0847585977495713,0.03851102952820572
SIAH2,-0.2502868421544824,0.5625287563517197,-0.1215746846322802,-0.43171102937304867,-0.230863993740043,-0.017733321528874135,-0.11762022108858475,0.06248577757462383,-0.13020993292738062,-0.24771406213953606,-0.3236000389743926,1.0,-0.35202176108306865,0.21199067975132335,-0.25246714987064633,-0.09468121131648144,0.40535101152975156,0.5156680153406832,-0.009001830584131619,-0.4433156790191013,0.36017787730115386,-0.29108193035612595,0.049989905208844776,-0.2794015386830213,-0.3303354635796314,0.6102578189404091,0.34608568608062334,-0.24772532102973222,-0.20104783561127632,-0.17346561529868904,0.41761686635255135,0.529987136114189,-0.2747165548046707,-0.37433622817278706,0.4999051491800656,0.011062993487607361,0.081525181893343,-0.20638424631023541,0.2358483196176148,-0.05501601550284011,0.0724602841763836,-0.24555236501511182,-0.20650653486307588,0.06454246141296341,-0.16829111647303233,0.06335907470039405,0.03576889770352798,-0.13458882130822772,-0.040860943938070556,-0.24066904898464345,-0.14148839718388373,-0.16989711750822223,0.05471745514645628,0.050845496980112245,-0.09974286829323843,0.04047675049890142,-0.03779929535676074,-0.19903966499152037,0.027435661765292,-0.19888979339476395,0.06461603462540634,-0.09266561759813936,-0.005479831469105242,0.018583962434949485,-0.1493329026109889,0.0016026860725950292,-0.029496886567212,-0.15138179974548002,-0.0029393759823060244,-0.14360423369992498
CDH3,0.6085187281866293,-0.5245895391754,0.41624988711481936,0.57922166254598,0.5784658588785784,0.028880192371792367,0.102119033204929,-0.07432910497221995,0.19553291592568156,0.3299897119503591,0.31197571708585325,-0.35202176108306865,1.0,-0.2804960571410329,0.2504037725130056,0.2533647031435723,-0.3793099092924496,-0.3468757686872563,0.16515373655859056,0.5478310275318058,-0.29850463333779115,0.25991094423129396,0.0064937004883609175,0.46661907673129255,0.42291102794544777,-0.44737190648230024,-0.3056465718058213,0.2925643399653237,0.15389758039744855,0.44668137758006216,-0.46343702104185946,-0.41433187265708116,0.37177948202519007,0.48695530537903564,-0.4282229091621501,-0.01809163387265124,-0.007984095748352757,0.15855762654751937,-0.23439583018147692,-0.03538934056970256,-0.10294987217253965,0.36285189100589005,0.20900197872627327,-0.05235057223501834,0.19410893673089796,-0.19542048731789352,-0.05550359287009057,0.0881339771305087,-0.016138864045035936,0.18483127652889164,0.18481983094029877,0.1656310518122737,-0.044713514861337386,0.039869202989383234,0.0409223506377111,0.022109840701047098,-0.009805363093353819,0.1421112834032906,-0.09712040156325084,0.27351644820517723,-0.045931356888286784,0.06132156655611788,-0.012307524963506669,-0.009752253072231706,0.09838307529280643,-0.002803971958001741,0.029527388016889144,0.11158856528953695,0.0221182558951741,0.2305583981585491
SMIM14,-0.13703650706278214,0.4241917717758968,-0.007171245902518565,-0.32881402409897076,-0.17656701693259483,0.108739728276589,-0.028296588899043396,0.13402368533082717,-0.2577833001253185,-0.3109372201167967,-0.2974400069437592,0.21199067975132335,-0.2804960571410329,1.0,-0.3388446185884836,-0.26175672017266083,0.5254911794142805,0.36072933296600984,-0.43320419556306594,-0.3201844179903002,0.4260809486699026,-0.14002645765961372,-0.2778206175064553,-0.2217686116719715,-0.2285944326034966,0.2696143483258198,0.37651963392670146,-0.4956765835756667,-0.1509808773318979,-0.27312507875401865,0.4675626427376809,0.4287830199320506,-0.43730113390689324,-0.19414579400300752,0.2614353985080961,-0.2300032930477599,-0.1486835305247569,-0.15244880203883618,0.3595230128159155,0.36319850648640273,-0.018367090007587926,-0.45967737677670406,-0.023702186899200187,-0.1377928547809133,-0.3528839390784585,0.5311964947090374,0.3244568646049684,-0.2009786899483038,-0.2560573628741377,-0.2557634268071766,-0.1216360009569405,0.17168592425809154,-0.18745835437055716,0.02914055931887103,-0.25007971978212146,-0.18952768383595764,-0.04806528673160557,0.06276152338309872,0.1558564728527757,0.054356252209872065,-0.06914426949258058,0.0282460822481587,-0.07055773848791748,-0.008688564819261774,0.13495465940553697,0.025106743801050053,0.04077884748424412,-0.19751207833016945,0.04243348824386399,-0.10141774553766446
FCN1,0.2344075833322308,-0.42212803442942926,0.21607816572254224,0.3594861756232108,0.2623224600271805,-0.18392477989456443,0.2843522903980301,0.05515373560680569,0.014770635408953505,0.10435773778268041,0.09849748537144434,-0.25246714987064633,0.2504037725130056,-0.3388446185884836,1.0,0.042304526701766695,-0.45159851675818946,-0.18173183093669443,0.14587817123371577,0.2276736151105374,-0.3896960414626471,-0.04042577030332528,-0.09146582336644331,0.20083567044948847,0.425630421681628,-0.3291545610966969,-0.4179555912058912,0.4921948703615424,0.7407660162196961,0.2258448010947285,-0.3835364983569566,-0.33647029537974404,0.3878708333176777,0.31866473590654637,-0.2716915059928979,0.30622969780531156,0.18624341657605362,0.4086520048510701,-0.3678575017897869,-0.25340854724079165,0.3132286373016856,0.4385593126454078,-0.01820498559290494,0.1598594938996332,0.4719028045249809,-0.35673874344333645,-0.28262744195813816,0.4484094798053669,0.27403637695659183,0.739634843941349,0.37811737650837624,-0.1359076273345513,0.19395848938464733,-0.19909126007878875,0.16032402946132507,-0.07650380807108709,0.04104586715087283,0.1951942908669797,0.04890355767168758,0.026019277267322213,-0.13662828653277018,0.19439479914037666,0.002672296577375838,-0.019524362081936954,-0.06883929773319714,0.018277439516225943,-0.04379720471102486,0.3149577152067073,0.014267580881961046,0.11710524518408165
ACTR3B,0.2346294102690507,-0.2150042592413873,0.1677576250825945,0.26850841523613744,0.2692096520808979,-0.06953500605060492,-0.004376709129502282,0.014819826089866338,0.17288014171363375,0.17202927948026414,0.1664895805927064,-0.09468121131648144,0.2533647031435723,-0.26175672017266083,0.042304526701766695,1.0,-0.20953336961494923,-0.14040874668412634,0.22220639045617246,0.22485102477311328,-0.1433111185200928,0.11381391425063889,0.1366836370599169,0.26117181669865286,0.19307517915875988,-0.11815493761269398,-0.03295217099395271,0.18713530953716107,-0.02838255739501557,0.36250012169738777,-0.2711890376133617,-0.17500095295079057,0.2346752966251343,0.26162348158390464,-0.048869946443039526,0.017559064089838365,0.08499926536147855,0.005805227755226225,-0.2100063225171397,-0.08829716221656793,-0.09165068875783369,0.22893094789770732,-0.05178298056675768,0.0764043066609517,0.02556328296487832,-0.14456099250047919,-0.12200223968733556,-0.08732794376695485,0.058227187753572135,-0.051398112630583755,0.1340252894217773,-0.05539664738792898,0.025607221853491756,0.08273399227587343,-0.11342127599911989,-0.086390296057226,-0.08163090410204923,-0.1477099736662369,-0.05005743013538823,0.07804030910493462,-0.17020315034473998,0.0005634020697408371,0.05177173320521282,-0.016496027887559484,-0.09778031763036485,-0.0039265987025292525,0.011885363712300322,0.03785799395333296,0.03578548166351663,0.12714725062332083
RAB17,-0.2897890122533098,0.5912338283810915,-0.17291807569005488,-0.5212484839802255,-0.3244171863407757,0.14486657466969466,-0.1561060752168224,0.0666866957334826,-0.1801942350586567,-0.26344058955095806,-0.22994731255775427,0.40535101152975156,-0.3793099092924496,0.5254911794142805,-0.45159851675818946,-0.20953336961494923,1.0,0.39852584728121315,-0.3065700858274747,-0.41068303962136504,0.5916555871618805,-0.16130108994701875,-0.08930169089809534,-0.34399446332994843,-0.3471830614838537,0.44244494616997043,0.4925135473270745,-0.5519640553140277,-0.3257992492806908,-0.3746235559136699,0.5467656388939454,0.49623174679991205,-0.4870232405887143,-0.38342953147080777,0.4499182995842119,-0.26154527590574583,-0.16825987549558105,-0.3279554199681144,0.46614743099910966,0.2901503613676738,-0.07096034984965939,-0.561936355467573,-0.04311547302328638,-0.15945790482172653,-0.42456515425996794,0.43709913268209627,0.3115237421280636,-0.36087721221459984,-0.32536688713249523,-0.42816653731396515,-0.3219695344962791,0.07521639750556884,-0.2446733037029157,0.126597116049685,-0.32785228176773695,-0.14775747742889433,-0.020694627869292756,-0.11818289895268218,0.04089841848352826,-0.10387386902311041,-0.06478996334731218,-0.12790195990096684,-0.07373174400884865,0.051387067980925356,-0.02623565747408977,-0.018174430762713484,0.023818581891860632,-0.2345192328979133,-0.014595990555559568,-0.17532694489479095
SUSD3,-0.17904034095015978,0.5678687409612411,-0.011580194711242407,-0.39473174793672466,-0.1822203212904191,-0.044289616806727446,0.06219088284096458,0.2220111854416992,-0.30068051935334483,-0.37928913024009553,-0.4091251363507844,0.5156680153406832,-0.3468757686872563,0.36072933296600984,-0.18173183093669443,-0.14040874668412634,0.39852584728121315,1.0,-0.2010101503857108,-0.489373509322032,0.35021626606844575,-0.3512104536267514,-0.15847549113131765,-0.2731817307848762,-0.256971310022661,0.5019465888066237,0.3344973681922095,-0.23560234586289686,-0.05511613513719636,-0.27927184015884043,0.41677659663442523,0.5799813160009533,-0.27570944739557196,-0.2923596126534149,0.48767013414254795,0.03463739020929543,0.048270448024113524,-0.1079921485489164,0.22212478727924853,0.03488512340392965,0.2318238353916958,-0.23291865532557962,-0.30383406247605604,0.10771708461219322,-0.1174029381850544,0.19838345934294707,0.08531373911663341,-0.02499964728966763,0.001589312622383574,-0.1568139825147994,0.03319117307326224,-0.14179329066006266,0.05575731722043026,-0.045001388381126994,-0.05447001879828492,0.013099406098873181,-0.01926236424696401,-0.07823810810050044,0.09860667454650351,-0.09772609829948854,0.11750226753760208,0.01771563897538295,-0.040926661790235394,-0.013215774989548625,0.004788711203328761,-0.000561243549615854,-0.01006375895109057,-0.16903685268802227,0.04289926859590524,-0.13732024402849802
TYMS,-0.01248039883734417,-0.21032918255292304,-0.12125080067852884,0.07645581367568734,0.0032735719541791782,-0.0073266849836001085,-0.16454956299856416,-0.3073648470915084,0.5316361057053897,0.5827409825367533,0.3455997168587282,-0.009001830584131619,0.16515373655859056,-0.43320419556306594,0.14587817123371577,0.22220639045617246,-0.3065700858274747,-0.2010101503857108,1.0,0.27136205200609564,-0.31577105025432267,0.232275488305247,0.5845677168342613,0.07553295393896294,-0.005432723108688043,-0.07790434208323874,-0.21150929991619086,0.2836784405817294,-0.04179189934908946,0.08964746330800775,-0.190758439271705,-0.24694144210437471,0.29193880216786466,0.029067375973189296,-0.1524607245384135,0.10438056808707336,0.1418875772906333,-0.05826800151283171,-0.1694940640661987,-0.2572981428401291,-0.11452889407757796,0.1704465415548871,0.02124820237769396,0.08151817868286454,0.1310541513932725,-0.32619692332160605,-0.10843163827768988,-0.04069103193110054,0.08831833238724196,0.03767025214277739,-0.011932784862035653,-0.07990211126803723,0.13130309444060526,0.23458614286852014,0.11419812333043304,0.16561430483211198,-0.04633365305923111,-0.22926894846791276,-0.2285900931302174,-0.17184503906022178,0.010534385371966543,-0.12620748765927348,0.06813347114450213,-0.0019966053701307848,-0.15422012224749168,-0.034764396642074244,-0.037622399363790145,0.14251219909995994,-0.02500045192912821,0.0162825422671083
INAVA,0.35120780498098114,-0.5464992891446638,0.1769274926529679,0.45208625796113366,0.32521940909540004,0.04920738803667219,-0.03865026301351283,-0.26616386237646766,0.3595137764985342,0.4972978282274248,0.45211868191522153,-0.4433156790191013,0.5478310275318058,-0.3201844179903002,0.2276736151105374,0.22485102477311328,-0.41068303962136504,-0.489373509322032,0.27136205200609564,1.0,-0.3262774946758846,0.4820238700298017,0.19719016213088744,0.43621034005718223,0.27317584983658594,-0.4470551762913949,-0.2477920997814729,0.22311983040179123,0.0907073017903986,0.41349419704257656,-0.4521920206836599,-0.5041149090485808,0.29772916324962123,0.30654324428438096,-0.4864975480879966,-0.03500710292618409,-0.07176862923020824,0.0623446380227067,-0.16537824575700574,-0.03982582408885715,-0.23234444518742875,0.21595918320453636,0.32625816270233154,-0.08654359151857055,0.11756365155518153,-0.19303717313722793,0.010156664922663887,0.019431149953323044,-0.03680553578689,0.18489595773928988,0.055638395728315644,0.1878319224244112,-0.09064657754107626,0.12188940876593485,0.05516821472609047,0.04437635069461187,-0.019414839900561136,0.08116744514745229,-0.16835215373547666,0.12825162558549483,-0.05049868465814877,-0.012499729498550879,0.01639105525390581,0.00935358004666921,0.02684870391050192,-0.0057968544869899654,0.008254789261352135,0.13828583908042383,-0.019075753653751814,0.17760631773836572
PRRG2,-0.19386459077694562,0.4526557269439509,-0.09239100573614456,-0.41632799205786114,-0.20728665275918895,0.20746756334795585,-0.1726152568725598,0.011802385855774542,-0.14753950112408207,-0.1728721649014012,-0.10190899955175833,0.36017787730115386,-0.29850463333779115,0.4260809486699026,-0.3896960414626471,-0.1433111185200928,0.5916555871618805,0.35021626606844575,-0.31577105025432267,-0.3262774946758846,1.0,-0.10410110085408654,-0.04498820183610054,-0.18766143104748126,-0.3015692987115375,0.32817239634989703,0.4346591597155278,-0.466082843203692,-0.2978368551391206,-0.19856870868069718,0.45806805215437085,0.40222617003578,-0.4177551699675655,-0.2568820944216933,0.31413085350521924,-0.25408007142452055,-0.16411977797571672,-0.32114380895304195,0.45975572339140564,0.24807023047659071,-0.14780580357135178,-0.43873206465557335,0.04016105304663103,-0.1852580171815243,-0.36428982680519356,0.36560919163470684,0.2388921689438478,-0.3730795815005001,-0.27748116486661134,-0.404529558244014,-0.24357604283705667,0.11974401709149676,-0.25606466044308984,0.10736350880362794,-0.33325759351092477,-0.1285285120239051,0.02752763598051671,-0.14925670839625643,0.026535475435653395,-0.05512458570293988,-0.10233503137517556,-0.07069063018549682,-0.08792691553698684,0.09838679909815298,-0.04388908136374383,-0.012205702457851035,0.06556184221247648,-0.20562411994231555,-0.01673613402485616,-0.09524699846115878
DNMT3B,0.005321751516136852,-0.2512127018057184,-0.1362458738615512,0.1374874086274281,0.0012369242828586464,0.24165470351927412,-0.11183966429263732,-0.15813898030800377,0.5078694739754285,0.5854175060771601,0.4988954680956473,-0.29108193035612595,0.25991094423129396,-0.14002645765961372,-0.04042577030332528,0.11381391425063889,-0.16130108994701875,-0.3512104536267514,0.232275488305247,0.4820238700298017,-0.10410110085408654,1.0,0.35083556947949834,0.16761376721750404,0.004038796122495143,-0.3651274244641563,-0.042242413650042804,-0.07781311643643102,-0.164453308057106,0.15228230191766373,-0.17154021745107964,-0.3254211998748869,-0.03422536427163018,0.029394167410654717,-0.35732575103717523,-0.3418578614679487,-0.35300592688076093,-0.2852700986657302,0.1570107067073442,0.2923458568554596,-0.4804580003346329,-0.1916598723797371,0.47483553641884624,-0.31382177985313003,-0.30103459416623685,0.1762698259745384,0.23431853605762185,-0.3209364493972241,-0.3004500144416355,-0.09870076037530118,-0.2587870263481352,0.41678610827712886,-0.3627815944802601,0.45657117883602294,-0.1581137256134374,-0.12242984631310604,-0.018045602276411932,-0.07442036867764773,-0.19280981783052634,0.05928491722396946,-0.1983861043610975,-0.11968313272455394,-0.028670052440066072,0.044032258301764333,0.0211191988839909,-0.04989135997647111,0.05100092629647978,0.029722977764165354,-0.08639009903987953,0.03326191379105569
PBK,-0.15210023342391865,-0.016561655421322853,-0.24007738837002035,-0.15121923620580607,-0.15924938047137976,0.13325649348228785,-0.21233280072193786,-0.25521350041988716,0.6053672950381025,0.594187138724431,0.4227486343669986,0.049989905208844776,0.0064937004883609175,-0.2778206175064553,-0.09146582336644331,0.1366836370599169,-0.08930169089809534,-0.15847549113131765,0.5845677168342613,0.19719016213088744,-0.04498820183610054,0.35083556947949834,1.0,-0.009548418379227767,-0.12684527086388966,-0.027945256282477016,-0.039379193146890826,0.005810542515261083,-0.24065195164430683,0.04148761595501687,-0.022800129380158313,-0.1563970928298957,-0.01725068131859535,-0.1303168385826131,-0.05187749444803313,-0.10736642857477989,-0.17497844498725962,-0.3627388740458949,0.06596176046588346,0.050441915033464346,-0.33220319449750974,-0.13221398389679012,0.13926764071328965,-0.08706184541267352,-0.2415267365289418,-0.06175829892663064,0.12405480449575108,-0.3323998658729504,-0.11200437447763147,-0.15965486524780864,-0.3854415007082306,0.053037630612589384,-0.1051066126032,0.36067444066885973,-0.08633737430501215,-0.04702338679867427,0.014484224570976274,-0.3070111363169664,-0.19317576627728208,-0.16054225183541998,-0.16375305355896647,-0.19234729220399965,-0.0018067375666142753,0.06301158710306676,-0.2430694004268242,-0.0640507961604873,0.00025551861156665587,0.03275371566037831,-0.05001539219955787,-0.025421054647941223
TTYH1,0.48555074548111293,-0.39576381819477796,0.46737075661080113,0.49884985855560426,0.5183331836558347,-0.11373191301152044,0.07188609151621127,0.02316563424732192,0.06295303873616025,0.11518028145606435,0.19392483858660794,-0.2794015386830213,0.46661907673129255,-0.2217686116719715,0.20083567044948847,0.26117181669865286,-0.34399446332994843,-0.2731817307848762,0.07553295393896294,0.43621034005718223,-0.18766143104748126,0.16761376721750404,-0.009548418379227767,1.0,0.39076500806333475,-0.2868459931172326,-0.19623245990876242,0.27230186843210735,0.1757790061651274,0.509754038003352,-0.3538155025340708,-0.28720847008810446,0.27276809632364035,0.4766572864799417,-0.25119508961495063,0.060635495263959394,0.021571727097881976,0.20000002914051385,-0.2547176992792267,-0.08835218708210454,-0.006812716706400699,0.3517438582089965,0.031112134507437147,0.02470119108918798,0.18508812957242757,-0.19473782506363255,-0.14659078145193086,0.1343179885345246,0.06352485577633926,0.17302035154550457,0.18990793634891456,0.025556145059223653,-0.001960491210273577,-0.06619288945618333,0.008772564772188341,-0.01949840302858419,0.002256518778747077,0.12014160128055727,0.06766848429655775,0.20313400058154346,-0.0766082420090904,0.1548533846826807,0.009909208405365133,0.02135586792080581,0.035291657301706435,0.012956618545152659,0.02936880234194063,0.10077710469416244,0.0758837792976491,0.211310776377443
IL34,0.4732048595862653,-0.42578600969488983,0.42167600301796304,0.5292523917961021,0.4982601311575553,-0.15611884323961808,0.32219235105815924,0.14311219544255532,-0.005569571875394963,0.05946175630582763,0.13237490671320898,-0.3303354635796314,0.42291102794544777,-0.2285944326034966,0.425630421681628,0.19307517915875988,-0.3471830614838537,-0.256971310022661,-0.005432723108688043,0.27317584983658594,-0.3015692987115375,0.004038796122495143,-0.12684527086388966,0.39076500806333475,1.0,-0.3688641833109017,-0.26998062354378705,0.34667157114615127,0.40167871624315343,0.3723602021030995,-0.4147588071382333,-0.3661326088151834,0.36002992132346123,0.5856750229217371,-0.2480852621068531,0.12941239541221672,0.07878553714471657,0.31817744427655376,-0.3413173766416616,-0.058150032528678376,0.16301191042229823,0.4204425797326661,0.018663687109676932,0.07070116079615946,0.29527700781050853,-0.19519888417036318,-0.16982772556998277,0.26527234902459457,0.12477430364790634,0.3947017597346843,0.29544497719326096,-0.0505415553552043,0.05940688919733955,-0.1525418046787006,-0.011662324737447938,-0.19248153563337894,0.01787867048604577,0.21683345066698634,0.12588965222819054,0.23621507673235811,-0.21375216690821008,0.1981689539276972,-0.04180961926503481,-0.019334760231582357,0.03986323189277672,0.001549319115635549,0.04347529227444444,0.14707219716685954,0.04636781347853906,0.20996349345089316
SLC39A6,-0.2568152416982199,0.6793564843805654,-0.07464351337813235,-0.517011390672879,-0.23802872728071423,-0.07051350336664458,-0.16610446554607958,0.10996848991234469,-0.25017103218945774,-0.42276792237446,-0.3690170237599306,0.6102578189404091,-0.44737190648230024,0.2696143483258198,-0.3291545610966969,-0.11815493761269398,0.44244494616997043,0.5019465888066237,-0.07790434208323874,-0.4470551762913949,0.32817239634989703,-0.3651274244641563,-0.027945256282477016,-0.2868459931172326,-0.3688641833109017,1.0,0.38169697334805197,-0.2967360800368907,-0.1956819769413,-0.3170511300271212,0.5296286318283696,0.5201198026700439,-0.2962773632659393,-0.39437465014671674,0.6564023938929605,0.013027935417923875,0.1588217359698892,-0.09065685834438751,0.26179725369230644,-0.07409885982815183,0.1731686636520123,-0.17329729905788652,-0.3593695384304104,0.1014071708754651,-0.1092336160041843,0.08729805838085831,0.02251098199822583,-0.05144849862004782,-0.06056323707873067,-0.27279915619006345,-0.08410949186155002,-0.23648469943135056,0.10497335416160683,-0.07547288446498825,-0.09389144130030651,0.060600834110960844,-0.059427627411176465,-0.13994281590535682,0.13271941192127554,-0.1483504503158016,0.12628038953709492,-0.04614905714461814,-0.005615706834157768,-0.00310344157778257,-0.12767502313000606,0.010589355861599618,-0.02244473966246981,-0.1676372677085196,0.05089446167842851,-0.1482412098687216
OVOL2,-0.15593584502008886,0.4517287605594332,-0.04511176121160583,-0.3359247505083721,-0.1688229675765897,0.11817522125202913,-0.1652672793132169,0.03031688375957472,-0.11192089527273856,-0.1811476512349718,-0.13760043907352737,0.34608568608062334,-0.3056465718058213,0.37651963392670146,-0.4179555912058912,-0.03295217099395271,0.4925135473270745,0.3344973681922095,-0.21150929991619086,-0.2477920997814729,0.4346591597155278,-0.042242413650042804,-0.039379193146890826,-0.19623245990876242,-0.26998062354378705,0.38169697334805197,1.0,-0.3998901239500062,-0.3127959987185139,-0.19129524173944923,0.3707456678934958,0.353877898010704,-0.37288384426078436,-0.24296361028490815,0.381703646208661,-0.13137240479702292,-0.039307171755361574,-0.2606582725972037,0.3515024379215484,0.19234528935705464,-0.05848660297513569,-0.3970643420969729,-0.011588177640429855,-0.05318045972455665,-0.3075736200583367,0.3536672732067897,0.21787981451275845,-0.2775064954044384,-0.21936255282001577,-0.3854321545015248,-0.1779213035953626,0.02017203555297141,-0.1576583294889029,0.13626654344325256,-0.2513610432300191,-0.03735698392089114,-0.00528375700660352,-0.13266426937129686,0.02090012395695413,-0.01407858922704129,-0.0045782165554107135,-0.057551262970269114,-0.04937110170253,0.025217320219102272,0.038105389261797185,0.001753778268740425,0.03701335623894304,-0.2509373739367194,-0.008454912836611966,-0.1203104738688537
FABP5,0.26805163561575945,-0.48755764647181205,0.20063764678560383,0.485808317936599,0.3042290503752541,-0.14540012022889176,0.11724713607675036,-0.0728687002260393,0.02464257030882681,0.11633033623232537,0.0637262713495866,-0.24772532102973222,0.2925643399653237,-0.4956765835756667,0.4921948703615424,0.18713530953716107,-0.5519640553140277,-0.23560234586289686,0.2836784405817294,0.22311983040179123,-0.466082843203692,-0.07781311643643102,0.005810542515261083,0.27230186843210735,0.34667157114615127,-0.2967360800368907,-0.3998901239500062,1.0,0.36057230076293795,0.27004855407811784,-0.43849294633721825,-0.3917041478601753,0.5856298521968939,0.4189125929430563,-0.3059911510780476,0.3525974517560158,0.2850571957644097,0.3972679018175046,-0.45998656559069995,-0.42026303788590336,0.2651581302360247,0.6266797376006988,-0.13446189594030222,0.226463093804229,0.5822352131169388,-0.5120011906488432,-0.3788706136909835,0.5139771384757351,0.33486867817832966,0.41563671084031334,0.42043215536823103,-0.1736714880706246,0.2912908114444911,-0.21389628380907608,0.3659102726193712,0.26759779080078316,0.03506485925282736,0.22640553088203644,0.04319196615707472,-0.016114736152965325,0.19109362315054806,0.15213433026479056,0.016502437826918293,-0.019617262772884433,0.10042912173374326,0.03193665413268067,-0.04289214102516069,0.17336400866033105,-0.003367112221330052,0.10364670463196039
CLEC10A,0.24671308714551357,-0.29822413171910533,0.30916242159886526,0.32112349834915715,0.30774629050449726,-0.24126234444405695,0.28361506443181994,0.16673428218835004,-0.15740942892480955,-0.12107886086619954,-0.06382563838257696,-0.20104783561127632,0.15389758039744855,-0.1509808773318979,0.7407660162196961,-0.02838255739501557,-0.3257992492806908,-0.05511613513719636,-0.04179189934908946,0.0907073017903986,-0.2978368551391206,-0.164453308057106,-0.24065195164430683,0.1757790061651274,0.40167871624315343,-0.1956819769413,-0.3127959987185139,0.36057230076293795,1.0,0.20003311011380814,-0.26533436285857365,-0.20719755824187366,0.24448966648246942,0.2905767961629651,-0.13996342516465082,0.36293229263091953,0.1870415323468435,0.5091932504587052,-0.3345855492746718,-0.2281949899166602,0.45107132147894613,0.41675897513228904,-0.16140359311791178,0.24496026067527535,0.4559541788449913,-0.2828948142523111,-0.27916015672545624,0.5267893338541791,0.2967622279314599,0.7601745413802427,0.4304695422087609,-0.19868870729941834,0.22714876460878494,-0.3295872223346787,0.14437531863304173,-0.09858150087611953,0.02061525684830441,0.23949934843361975,0.16803423227691072,0.059231237091468235,-0.0928390297072892,0.27955159619398207,-0.04476489287083778,-0.040366963657544205,-0.02061614258413842,-0.01577101135738553,-0.022431178068577452,0.274041811835109,0.06774174831960614,0.13095114529641966
ELF5,0.4551289103308567,-0.4132783044795283,0.4023466089220152,0.45271919694714696,0.4871336365776624,-0.14470991000304714,0.1322458760399041,0.015429615274407504,0.1287251916537609,0.17027838906752166,0.20009215428106056,-0.17346561529868904,0.44668137758006216,-0.27312507875401865,0.2258448010947285,0.36250012169738777,-0.3746235559136699,-0.27927184015884043,0.08964746330800775,0.41349419704257656,-0.19856870868069718,0.15228230191766373,0.04148761595501687,0.509754038003352,0.3723602021030995,-0.3170511300271212,-0.19129524173944923,0.27004855407811784,0.20003311011380814,1.0,-0.4003334523955101,-0.277057330547655,0.27852008517015703,0.43602134678035137,-0.279196723720728,0.09180447896155412,0.014418904884724668,0.1614385140306833,-0.3127264555154742,-0.1446452637852908,-0.054922498671582075,0.3150702572682163,0.08559692072271348,0.04763258833157252,0.17475147649356454,-0.21528055170888777,-0.12231657139675708,0.12156261581964493,0.13718621550902937,0.23470382608249876,0.1860003699430534,-0.025298815079770675,0.04995373843817096,-0.051143058907500843,0.018494639523824838,-0.058514580401514596,0.004935470816943726,0.04064584647682969,-0.018314109574186554,0.21892777604787877,-0.11406435647453254,0.11136619554818389,-0.010009912025028994,-0.028822704802139793,-0.015812731571770235,0.022867834880967584,0.009788421474896019,0.12784146772534,0.049635150248665216,0.22637378028142865
MAGED2,-0.32794985929709114,0.5996499884533624,-0.16235276352984143,-0.5574977260913262,-0.34054194755781175,0.1341755378330077,-0.21139780177743053,-0.01667432774850372,-0.17377381474781295,-0.2551083243720401,-0.26403008661875027,0.41761686635255135,-0.46343702104185946,0.4675626427376809,-0.3835364983569566,-0.2711890376133617,0.5467656388939454,0.41677659663442523,-0.190758439271705,-0.4521920206836599,0.45806805215437085,-0.17154021745107964,-0.022800129380158313,-0.3538155025340708,-0.4147588071382333,0.5296286318283696,0.3707456678934958,-0.43849294633721825,-0.26533436285857365,-0.4003334523955101,1.0,0.5029677784574934,-0.46519593110200314,-0.4617312765589067,0.46630774085479654,-0.15042399099201728,-0.04108834244547234,-0.18520284104628765,0.4156888557964679,0.16807172095573317,0.03065834997209479,-0.432086548847257,-0.14290351072497118,-0.0057757350549326614,-0.2916152416521928,0.28622891399676353,0.2572796377101847,-0.20883226925995807,-0.12992516336940366,-0.32488126012924057,-0.27529862468076793,0.01938710339836792,-0.014014642375559494,0.06764923448397121,-0.08808412438375811,-0.01533438756592526,0.013568323589245,-0.11021305796546728,0.10792361584551857,-0.1924677522905262,0.0893405210361144,-0.07008898126981011,-0.04224988936799285,0.03222507017466886,-0.06543528836028743,-0.0177329997492432,0.00460246315797925,-0.16201816617289655,0.022098420474895016,-0.19046448193143184
ABAT,-0.23958630831528646,0.5732747194956507,-0.09235892589295085,-0.4405495159047793,-0.25288356810512014,-0.022217059335548215,-0.036646414765415136,0.09946224697456856,-0.28313751683949573,-0.43107422380690325,-0.41638448998263267,0.529987136114189,-0.41433187265708116,0.4287830199320506,-0.33647029537974404,-0.17500095295079057,0.49623174679991205,0.5799813160009533,-0.24694144210437471,-0.5041149090485808,0.40222617003578,-0.3254211998748869,-0.1563970928298957,-0.28720847008810446,-0.3661326088151834,0.5201198026700439,0.353877898010704,-0.3917041478601753,-0.20719755824187366,-0.277057330547655,0.5029677784574934,1.0,-0.362082763375127,-0.3688301654987348,0.4891070679766431,-0.07263613353359111,0.06697890805721876,-0.15121843198646184,0.2288997551965562,0.009291142023556015,0.09458523353701712,-0.3385263179091684,-0.2687329620484852,0.02736100651214561,-0.2060207053388632,0.2033761326140212,0.14995143231654134,-0.13725631611752412,-0.006219506817503343,-0.2982990949211185,-0.043961778356465246,-0.12429124315918308,0.030091081676891056,0.030599923953234263,-0.0887298958685954,-0.005558168855270024,-0.08349347561283103,-0.10864051600521678,0.10949908590230961,-0.12003594359251621,0.10104420905315897,-0.06347941529361568,0.09230643888517973,-0.03764970427451786,-0.02658007791693823,0.023835113288833212,-0.024258014207642693,-0.1853750328253464,0.024568515424879218,-0.14953368203650136
SLC43A3,0.249637037823642,-0.47828424307193096,0.14494250589974692,0.4530787389360274,0.2875354643557063,-0.15121719767999436,0.10407016280803041,-0.13150209563244705,0.13513851450695766,0.20329708354313242,0.13013068282172494,-0.2747165548046707,0.37177948202519007,-0.43730113390689324,0.3878708333176777,0.2346752966251343,-0.4870232405887143,-0.27570944739557196,0.29193880216786466,0.29772916324962123,-0.4177551699675655,-0.03422536427163018,-0.01725068131859535,0.27276809632364035,0.36002992132346123,-0.2962773632659393,-0.37288384426078436,0.5856298521968939,0.24448966648246942,0.27852008517015703,-0.46519593110200314,-0.362082763375127,1.0,0.4427471206293004,-0.3514562250951646,0.15801293898310678,0.29322495320046177,0.3347685751054251,-0.42256798340203167,-0.3335269341742285,0.11199659223590873,0.544601426240881,-0.019781846266331178,0.04443184027563314,0.4867118024001257,-0.3912042613230418,-0.2812379535932486,0.3344043589803582,0.21705830001778015,0.26402159181428575,0.3990384881441926,-0.14973194760566147,0.1539302452085135,-0.1491263364144923,0.19760964922318136,0.1416970094279888,-0.01876304380665287,0.12019049735619787,-0.018282222322474867,0.04575853161053629,0.057582151827771946,0.09874134432067244,0.042773100362801325,-0.03293196117594952,0.09239135497664751,0.0435661154153686,-0.023949484985779014,0.15238854303706909,0.020569488028447033,0.1605202750880567
FOXC1,0.6334437796969515,-0.4851035386072888,0.5243041925074481,0.628408341021826,0.6379492666596115,-0.0965529615423031,0.11858252496824226,0.07713340126084654,0.037992503055461826,0.11609416106508333,0.22647914839720326,-0.37433622817278706,0.48695530537903564,-0.19414579400300752,0.31866473590654637,0.26162348158390464,-0.38342953147080777,-0.2923596126534149,0.029067375973189296,0.30654324428438096,-0.2568820944216933,0.029394167410654717,-0.1303168385826131,0.4766572864799417,0.5856750229217371,-0.39437465014671674,-0.24296361028490815,0.4189125929430563,0.2905767961629651,0.43602134678035137,-0.4617312765589067,-0.3688301654987348,0.4427471206293004,1.0,-0.3008694068806712,0.0020196403140735676,0.048579234974599456,0.32303494904339086,-0.33469829483793434,-0.023565665386991997,0.014122428093229528,0.4365535076198911,0.08658069891333259,-0.08169158479566316,0.26929113362712004,-0.08889018470123713,-0.12709654602916723,0.2122999087491931,0.007631187150289955,0.23076044637083695,0.35178560700675204,0.09012036884955793,-0.03556742553818924,-0.08330601168775932,-0.002377156954445675,-0.11416256829428192,-0.02703877972592492,0.18186640110823143,0.13477127030401556,0.3098072746992893,-0.1454558027829636,0.22552105858977056,-0.041908808531987925,0.00904555008311531,0.25772757137853347,0.016797618440400827,0.03490796588606745,0.087088999036646,0.0401781781483044,0.21348472651438155
RERG,-0.19835979503012835,0.6994262757441913,0.004715357103876327,-0.430441831607957,-0.16251968683080642,-0.09252249250094138,-0.11319956335346378,0.23242690170361813,-0.2875189225058424,-0.4547712277322236,-0.3605869887463031,0.4999051491800656,-0.4282229091621501,0.2614353985080961,-0.2716915059928979,-0.048869946443039526,0.4499182995842119,0.48767013414254795,-0.1524607245384135,-0.4864975480879966,0.31413085350521924,-0.35732575103717523,-0.05187749444803313,-0.25119508961495063,-0.2480852621068531,0.6564023938929605,0.381703646208661,-0.3059911510780476,-0.13996342516465082,-0.279196723720728,0.46630774085479654,0.4891070679766431,-0.3514562250951646,-0.3008694068806712,1.0,0.053943250295896576,0.0907798868879249,-0.10858335996044446,0.18316973670167916,0.003910416107275427,0.18708107747420907,-0.19360535383025723,-0.36929032347957136,0.13984011941939078,-0.16804305222801066,0.14856156151684727,0.010246451783113468,-0.0675871736855956,-0.023773141373843596,-0.2324481592458389,-0.13472117750201693,-0.21357529116846655,0.12126877193188541,-0.028181214402637596,-0.1351260428421931,-0.08106609802403225,-0.05965312641274232,-0.12228228131439048,0.18580939387062817,-0.11110469714964955,0.007459732573093814,-0.000625632891400804,0.0442970923207524,-0.015018004022122491,-0.15399788991984703,-0.010459722803701261,0.0018080473702400482,-0.1674165835479322,0.059652456437271316,-0.11046118568499887
RPL21,0.14220438254918172,-0.15961338894673324,0.2108466106041886,0.17789562519931057,0.16749180986613948,-0.3917656473528405,0.12392685257660199,-0.03819909824399812,-0.27352756510588694,-0.25898084970746804,-0.24399126757947695,0.011062993487607361,-0.01809163387265124,-0.2300032930477599,0.30622969780531156,0.017559064089838365,-0.26154527590574583,0.03463739020929543,0.10438056808707336,-0.03500710292618409,-0.25408007142452055,-0.3418578614679487,-0.10736642857477989,0.060635495263959394,0.12941239541221672,0.013027935417923875,-0.13137240479702292,0.3525974517560158,0.36293229263091953,0.09180447896155412,-0.15042399099201728,-0.07263613353359111,0.15801293898310678,0.0020196403140735676,0.053943250295896576,1.0,0.43596922469746874,0.48541335524423723,-0.5102301028562016,-0.5505101422091147,0.474874854550107,0.4619906665669703,-0.46510343669770055,0.8182115318057174,0.536332605668756,-0.5745183150826499,-0.47417456830052274,0.5538720103508828,0.6858188391831294,0.4338192155852083,0.378286378707493,-0.5636793404534602,0.690347993131101,-0.49072166608002166,0.4482187358052329,0.27571045809210815,0.1621304942148337,0.17986393966021358,0.10710797991660491,-0.07971089412534865,0.2682591911713904,0.17798844552635526,-0.018900397260253554,-0.03614215104868313,-0.11635516812923433,-0.0037523703680700507,-0.012639995049174029,0.1527084468512112,0.05594398016445775,0.03790183453654671
BCL10,0.07846155395518203,-0.09854367144067186,0.09396051962087587,0.13015245931946018,0.09895494470205163,-0.27922255750343244,0.06616841887034357,-0.1141280285856285,-0.28494442976384876,-0.23822247540921307,-0.23141323385653528,0.081525181893343,-0.007984095748352757,-0.1486835305247569,0.18624341657605362,0.08499926536147855,-0.16825987549558105,0.048270448024113524,0.1418875772906333,-0.07176862923020824,-0.16411977797571672,-0.35300592688076093,-0.17497844498725962,0.021571727097881976,0.07878553714471657,0.1588217359698892,-0.039307171755361574,0.2850571957644097,0.1870415323468435,0.014418904884724668,-0.04108834244547234,0.06697890805721876,0.29322495320046177,0.048579234974599456,0.0907798868879249,0.43596922469746874,1.0,0.45831095587944903,-0.3416608342228008,-0.6308869216193679,0.3726872668305405,0.4499896464800611,-0.3160884408802658,0.3766276647578089,0.5971716524189278,-0.548821752073042,-0.40413688853574964,0.45756658557302576,0.4696213499453118,0.16304990979971934,0.5559617990442306,-0.4723966590516785,0.5564504177292043,-0.3838930124316745,0.28050815029881593,0.2790635761929045,-0.03684679619811978,0.10028506455276702,0.07507594826567739,-0.1652985499886384,0.2446011472914487,0.12592198387486173,0.0979681279776655,-0.05931401706411737,-0.05177577983351478,0.08092414114865036,-0.017556791621118537,0.0717011842888154,0.06050713739745152,0.057798773054103914
PLPP3,0.3269446123474311,-0.324768826073453,0.3765943490280883,0.4250564540619084,0.37634657390699966,-0.38408199801246823,0.13781795688278944,0.06442712225482411,-0.32487881603885044,-0.28033368046047363,-0.22828043704537243,-0.20638424631023541,0.15855762654751937,-0.15244880203883618,0.4086520048510701,0.005805227755226225,-0.3279554199681144,-0.1079921485489164,-0.05826800151283171,0.0623446380227067,-0.32114380895304195,-0.2852700986657302,-0.3627388740458949,0.20000002914051385,0.31817744427655376,-0.09065685834438751,-0.2606582725972037,0.3972679018175046,0.5091932504587052,0.1614385140306833,-0.18520284104628765,-0.15121843198646184,0.3347685751054251,0.32303494904339086,-0.10858335996044446,0.48541335524423723,0.45831095587944903,1.0,-0.49573450495754273,-0.43869913952156886,0.5206828932808607,0.5804469118112908,-0.3286838201906882,0.3929428294073839,0.6847972095088671,-0.42894826923738666,-0.4483878206708231,0.7241438337408247,0.48057626735601583,0.5054281117973392,0.61606941759719,-0.3624050323401425,0.48659444483894587,-0.5064337024336194,0.37413429333200243,0.21186947383313273,0.046285171099052544,0.3224249116483809,0.3071354295002844,0.052971117590719353,0.24154767926191448,0.3308799257026655,0.0058469344081601374,-0.03724984413739054,0.1443464591944424,0.040977462897809534,-0.03998366648758408,0.1829785634529547,0.0967774368796879,0.13816156239154204
RMND5B,-0.3076463169381314,0.39285070671319644,-0.24414695351236487,-0.4149034749557018,-0.325290483879894,0.6129122315018739,-0.20787119178537272,0.01841946098926428,0.1024711724085099,0.06777252495382312,0.01393060903277528,0.2358483196176148,-0.23439583018147692,0.3595230128159155,-0.3678575017897869,-0.2100063225171397,0.46614743099910966,0.22212478727924853,-0.1694940640661987,-0.16537824575700574,0.45975572339140564,0.1570107067073442,0.06596176046588346,-0.2547176992792267,-0.3413173766416616,0.26179725369230644,0.3515024379215484,-0.45998656559069995,-0.3345855492746718,-0.3127264555154742,0.4156888557964679,0.2288997551965562,-0.42256798340203167,-0.33469829483793434,0.18316973670167916,-0.5102301028562016,-0.3416608342228008,-0.49573450495754273,1.0,0.4506837809039447,-0.2815381127418287,-0.5352786352440977,0.27302003028900584,-0.4197658972561041,-0.4891305001899656,0.4757019042084904,0.4163238955513337,-0.46023619503695407,-0.5272445395520802,-0.40304492287202504,-0.40893111554487677,0.38319101274501277,-0.5159852097282465,0.32700871491759126,-0.3785176330672315,-0.15683491668263252,-0.04499464828718832,-0.1593402518219871,-0.10518859532593827,-0.11563387678581204,-0.09746661145196722,-0.11068365539318799,-0.04257379107081116,-0.0029434153532131874,0.04459907335822429,-0.024514398356641494,0.02509074916522629,-0.19348755425436553,-0.013069741350452597,-0.13366853972441972
MARCHF6,-0.07588663721954694,0.18730998187235198,-0.07704684615463613,-0.16915782423486275,-0.1113332713689046,0.3529196009850941,-0.07934980481434148,0.17277102135971661,0.16903772311682874,0.14822551825712596,0.13809708586592467,-0.05501601550284011,-0.03538934056970256,0.36319850648640273,-0.25340854724079165,-0.08829716221656793,0.2901503613676738,0.03488512340392965,-0.2572981428401291,-0.03982582408885715,0.24807023047659071,0.2923458568554596,0.050441915033464346,-0.08835218708210454,-0.058150032528678376,-0.07409885982815183,0.19234528935705464,-0.42026303788590336,-0.2281949899166602,-0.1446452637852908,0.16807172095573317,0.009291142023556015,-0.3335269341742285,-0.023565665386991997,0.003910416107275427,-0.5505101422091147,-0.6308869216193679,-0.43869913952156886,0.4506837809039447,1.0,-0.35335644647015735,-0.5041309451710176,0.40153629308097777,-0.49006336982577026,-0.6406897145483771,0.7425271622354461,0.5109001019039455,-0.5192700826140532,-0.6010638239756618,-0.2574057465971313,-0.4500634343003949,0.5104298100034795,-0.595073972130558,0.3797151888231004,-0.46899582470312035,-0.40085138525102004,-0.047389085093906595,-0.0820144186117683,-0.02489487311009642,0.21528496023168586,-0.3422893400284238,-0.07823464196597496,-0.08889337373667312,0.0729707627739982,0.1148996523396826,-0.03256814246443388,0.061179181368933515,-0.1483808688278832,-0.03271121322386701,-0.03443286865156791
ISCU,0.06517108464303839,0.02006694538460016,0.2262877297653533,0.048933566706520555,0.11257218692037824,-0.2907824870970043,0.20563541243854297,0.18937100652423694,-0.4198958220473033,-0.4896481400753335,-0.40291554108379196,0.0724602841763836,-0.10294987217253965,-0.018367090007587926,0.3132286373016856,-0.09165068875783369,-0.07096034984965939,0.2318238353916958,-0.11452889407757796,-0.23234444518742875,-0.14780580357135178,-0.4804580003346329,-0.33220319449750974,-0.006812716706400699,0.16301191042229823,0.1731686636520123,-0.05848660297513569,0.2651581302360247,0.45107132147894613,-0.054922498671582075,0.03065834997209479,0.09458523353701712,0.11199659223590873,0.014122428093229528,0.18708107747420907,0.474874854550107,0.3726872668305405,0.5206828932808607,-0.2815381127418287,-0.35335644647015735,1.0,0.36245159454238474,-0.4560956808327943,0.4226053327243044,0.5060136193935928,-0.33671777174361617,-0.29718224603473886,0.6066157907038996,0.4113680826850473,0.4667573472207144,0.4411310896631021,-0.4287078914714721,0.4220740464560171,-0.444514590328459,0.2386809447628675,0.1942737805230287,0.04834326676025398,0.22381472535582134,0.2301483057020725,-0.05292886458399489,0.21403178418143765,0.19592248643637586,0.023822520957649522,-0.027165133483719163,-0.03307123846005212,0.06766808069055033,-0.02050940556123304,0.14313182590670975,0.11458697780946038,0.07110868414540238
PRNP,0.4224956188738025,-0.4714347869871157,0.37815139992566627,0.525733188664218,0.45572293195319785,-0.31263193696603414,0.12678263358745082,0.022202827720783264,-0.14851108981677444,-0.10115630805958285,0.007426703608700494,-0.24555236501511182,0.36285189100589005,-0.45967737677670406,0.4385593126454078,0.22893094789770732,-0.561936355467573,-0.23291865532557962,0.1704465415548871,0.21595918320453636,-0.43873206465557335,-0.1916598723797371,-0.13221398389679012,0.3517438582089965,0.4204425797326661,-0.17329729905788652,-0.3970643420969729,0.6266797376006988,0.41675897513228904,0.3150702572682163,-0.432086548847257,-0.3385263179091684,0.544601426240881,0.4365535076198911,-0.19360535383025723,0.4619906665669703,0.4499896464800611,0.5804469118112908,-0.5352786352440977,-0.5041309451710176,0.36245159454238474,1.0,-0.2549905600947142,0.34618762416015064,0.7009409000132939,-0.6027926201130942,-0.48969624225233516,0.6118067027622051,0.45463707109827883,0.4359998250873647,0.5741700658189148,-0.32032065624287914,0.43133946337331025,-0.4196462699555666,0.3670632521252478,0.24697643696278943,0.012120566172026566,0.20942994650949412,0.10241245706142477,0.10816056001739122,0.19790897961650514,0.21663659996937024,0.05906009646407543,-0.04124071029377284,0.019923238999534465,0.036181338332998164,-0.027956667950330704,0.19689737654228817,0.07039493964082502,0.18911168971637568
GSK3B,0.004824248694570719,-0.20784159950666672,-0.14962291225092283,0.09037659949737369,-0.047651167020287565,0.33859304837485915,-0.0691317081567167,-0.20747011783441602,0.3529696808622857,0.510075573539811,0.407389953616255,-0.20650653486307588,0.20900197872627327,-0.023702186899200187,-0.01820498559290494,-0.05178298056675768,-0.04311547302328638,-0.30383406247605604,0.02124820237769396,0.32625816270233154,0.04016105304663103,0.47483553641884624,0.13926764071328965,0.031112134507437147,0.018663687109676932,-0.3593695384304104,-0.011588177640429855,-0.13446189594030222,-0.16140359311791178,0.08559692072271348,-0.14290351072497118,-0.2687329620484852,-0.019781846266331178,0.08658069891333259,-0.36929032347957136,-0.46510343669770055,-0.3160884408802658,-0.3286838201906882,0.27302003028900584,0.40153629308097777,-0.4560956808327943,-0.2549905600947142,1.0,-0.5284460553725544,-0.2623105547408862,0.28719943593147634,0.3042029668832123,-0.343133721612773,-0.40303144614252673,-0.1178350152007162,-0.25697318186648527,0.4492340376620781,-0.47905774953516483,0.3363290861487371,-0.23335230986267524,-0.14022915453849008,-0.03090610848751726,-0.041232363252899015,-0.2886861317469639,0.15666454313480618,-0.18110435492070848,-0.12351694166361156,-0.032359869281177164,0.02438278908161887,0.10166110833745866,0.0023571004449408715,0.015084754172952589,-0.023687914764385108,-0.11363999781217389,0.019456941935102095
RPL10A,0.10424316426009113,-0.07150323391187713,0.1982995364019108,0.08291825818560282,0.13325587463409538,-0.39031169954059086,0.09408420067114356,-0.03082873206193946,-0.2763216808719798,-0.2863644425305596,-0.2716657624656899,0.06454246141296341,-0.05235057223501834,-0.1377928547809133,0.1598594938996332,0.0764043066609517,-0.15945790482172653,0.10771708461219322,0.08151817868286454,-0.08654359151857055,-0.1852580171815243,-0.31382177985313003,-0.08706184541267352,0.02470119108918798,0.07070116079615946,0.1014071708754651,-0.05318045972455665,0.226463093804229,0.24496026067527535,0.04763258833157252,-0.0057757350549326614,0.02736100651214561,0.04443184027563314,-0.08169158479566316,0.13984011941939078,0.8182115318057174,0.3766276647578089,0.3929428294073839,-0.4197658972561041,-0.49006336982577026,0.4226053327243044,0.34618762416015064,-0.5284460553725544,1.0,0.37971711469518116,-0.48348106460351636,-0.3838977615579239,0.41958362239348695,0.6782614726000421,0.28072361764095594,0.28509833788842837,-0.4982331682088128,0.698690833992079,-0.38399689071820486,0.48318430010033464,0.24516823730132922,0.13164205156618267,0.12298240229949647,0.11182063152937374,-0.09479290941785977,0.27689711237033954,0.1359650882252419,-0.007208364483872705,-0.0697200734667215,-0.1456052289588811,-0.010610984838436695,-0.01076450986430981,0.10332634078816733,0.0602489985008324,0.046095783527722985
C1R,0.2735898289716588,-0.37685241088073473,0.2502390262004923,0.36888295491548,0.276966575857697,-0.3097151635687927,0.21336708412698333,-0.08966191978701343,-0.2518407155474893,-0.16184499931089263,-0.1394200769248922,-0.16829111647303233,0.19410893673089796,-0.3528839390784585,0.4719028045249809,0.02556328296487832,-0.42456515425996794,-0.1174029381850544,0.1310541513932725,0.11756365155518153,-0.36428982680519356,-0.30103459416623685,-0.2415267365289418,0.18508812957242757,0.29527700781050853,-0.1092336160041843,-0.3075736200583367,0.5822352131169388,0.4559541788449913,0.17475147649356454,-0.2916152416521928,-0.2060207053388632,0.4867118024001257,0.26929113362712004,-0.16804305222801066,0.536332605668756,0.5971716524189278,0.6847972095088671,-0.4891305001899656,-0.6406897145483771,0.5060136193935928,0.7009409000132939,-0.2623105547408862,0.37971711469518116,1.0,-0.6628779562097904,-0.491630173513129,0.8033241045951958,0.5095620541473597,0.4936748546616642,0.6548024856024967,-0.3683031708776507,0.48451890073933707,-0.44050271892415566,0.5265006358583286,0.4400100337041939,0.05085311706075665,0.3283094741351477,0.08767781402970466,-0.03201348355434551,0.42902398187866453,0.21606845594584484,0.038258928327964105,-0.05026166820226917,0.16424796761987173,0.047994255744999575,-0.045840235561967826,0.22224244181194358,0.05657072281872975,0.10645612439144003
FOXP1-IT1,-0.166836734081624,0.3865285362710852,-0.11212239727292211,-0.30139871353938424,-0.18466307548608107,0.2831565834218143,-0.12822916062575912,0.18208743102197608,0.09059570701500866,0.02134938878845743,0.016087979796849915,0.06335907470039405,-0.19542048731789352,0.5311964947090374,-0.35673874344333645,-0.14456099250047919,0.43709913268209627,0.19838345934294707,-0.32619692332160605,-0.19303717313722793,0.36560919163470684,0.1762698259745384,-0.06175829892663064,-0.19473782506363255,-0.19519888417036318,0.08729805838085831,0.3536672732067897,-0.5120011906488432,-0.2828948142523111,-0.21528055170888777,0.28622891399676353,0.2033761326140212,-0.3912042613230418,-0.08889018470123713,0.14856156151684727,-0.5745183150826499,-0.548821752073042,-0.42894826923738666,0.4757019042084904,0.7425271622354461,-0.33671777174361617,-0.6027926201130942,0.28719943593147634,-0.48348106460351636,-0.6628779562097904,1.0,0.49563041797619306,-0.5213951559761281,-0.5999921201583349,-0.3525855663380401,-0.3831315635021746,0.4762789502048737,-0.5697040314728107,0.35780573001626437,-0.4723127175013394,-0.3756305767720568,-0.0936686244080582,-0.1377964004922856,0.01957035241282901,0.16294775427788818,-0.2760768690330747,-0.09058330798115122,-0.08511404030228296,0.04786601652830033,0.17592090563882742,-0.04244627021350842,0.03412456527554228,-0.20793606900992628,-0.04539218444317024,-0.08454498870447089
EZR,-0.12334167056028814,0.29794437442818844,-0.14492575102033758,-0.27784813576626183,-0.185788019446746,0.26897298489936783,-0.11011259744786908,0.008968206023520687,0.2092843501444416,0.18431051825831618,0.11895950722889595,0.03576889770352798,-0.05550359287009057,0.3244568646049684,-0.28262744195813816,-0.12200223968733556,0.3115237421280636,0.08531373911663341,-0.10843163827768988,0.010156664922663887,0.2388921689438478,0.23431853605762185,0.12405480449575108,-0.14659078145193086,-0.16982772556998277,0.02251098199822583,0.21787981451275845,-0.3788706136909835,-0.27916015672545624,-0.12231657139675708,0.2572796377101847,0.14995143231654134,-0.2812379535932486,-0.12709654602916723,0.010246451783113468,-0.47417456830052274,-0.40413688853574964,-0.4483878206708231,0.4163238955513337,0.5109001019039455,-0.29718224603473886,-0.48969624225233516,0.3042029668832123,-0.3838977615579239,-0.491630173513129,0.49563041797619306,1.0,-0.41998949343086006,-0.47432913689881084,-0.2940654410010478,-0.3855290699938299,0.36360562253810347,-0.45683032479698527,0.3748643027258139,-0.32257588197271325,-0.2092461970794629,-0.05326085962568925,-0.12951035672134084,-0.11015928283084472,0.06910418034354379,-0.1492387062534761,-0.14778100302722535,-0.06943108428791135,0.03167303130156884,0.07371211268650317,-0.02966109882236551,0.03085769495051314,-0.155367148872112,-0.026580490729109788,-0.055936690479132904
CFH,0.21849312878216448,-0.2553569678650034,0.27957528540844984,0.33314223276913274,0.23563126104521528,-0.36192755518678027,0.21145038902868488,0.052235591642053304,-0.366962309948748,-0.3382376956749775,-0.29638047400202194,-0.13458882130822772,0.0881339771305087,-0.2009786899483038,0.4484094798053669,-0.08732794376695485,-0.36087721221459984,-0.02499964728966763,-0.04069103193110054,0.019431149953323044,-0.3730795815005001,-0.3209364493972241,-0.3323998658729504,0.1343179885345246,0.26527234902459457,-0.05144849862004782,-0.2775064954044384,0.5139771384757351,0.5267893338541791,0.12156261581964493,-0.20883226925995807,-0.13725631611752412,0.3344043589803582,0.2122999087491931,-0.0675871736855956,0.5538720103508828,0.45756658557302576,0.7241438337408247,-0.46023619503695407,-0.5192700826140532,0.6066157907038996,0.6118067027622051,-0.343133721612773,0.41958362239348695,0.8033241045951958,-0.5213951559761281,-0.41998949343086006,1.0,0.4934263167008909,0.5978050511268649,0.6024510612185449,-0.3911340733150022,0.48777912568620196,-0.48646445189084603,0.5186503907152127,0.4029563616009435,0.03785414757473617,0.4148147713545426,0.2267177699023632,0.020063215958470507,0.46295600045176144,0.28795225895063775,0.015268727834165217,-0.0602093666511795,0.18409590627422098,0.0567601479026786,-0.040270975624514975,0.20027633027268016,0.0759854238558568,0.07477499602177907
SDHD,0.09399471460158776,-0.21358535498689868,0.12757746962761182,0.17868456438306374,0.12315099588339695,-0.4388194108700535,0.14246343538222117,-0.097857503111,-0.2834995072896147,-0.2410664293389285,-0.24543225460366483,-0.040860943938070556,-0.016138864045035936,-0.2560573628741377,0.27403637695659183,0.058227187753572135,-0.32536688713249523,0.001589312622383574,0.08831833238724196,-0.03680553578689,-0.27748116486661134,-0.3004500144416355,-0.11200437447763147,0.06352485577633926,0.12477430364790634,-0.06056323707873067,-0.21936255282001577,0.33486867817832966,0.2967622279314599,0.13718621550902937,-0.12992516336940366,-0.006219506817503343,0.21705830001778015,0.007631187150289955,-0.023773141373843596,0.6858188391831294,0.4696213499453118,0.48057626735601583,-0.5272445395520802,-0.6010638239756618,0.4113680826850473,0.45463707109827883,-0.40303144614252673,0.6782614726000421,0.5095620541473597,-0.5999921201583349,-0.47432913689881084,0.4934263167008909,1.0,0.36128357420490925,0.3851503551796108,-0.5395655831114577,0.7746489432173993,-0.4560593472384008,0.5669902123341333,0.25838977050038253,0.09543597666179768,0.15096404217868858,0.08775000121760206,-0.09836568514010134,0.2590624030652864,0.12747653387973687,0.0512866614107234,-0.06342435153855508,-0.15524263018665746,0.014580697364221904,-0.04273612854263116,0.1513486830737062,0.04202862981445026,0.03510147850400174
KLRB1,0.21656815440017246,-0.38506775516198194,0.25686075643815875,0.32768275766131577,0.26510707275709866,-0.2861768754696228,0.3043352842404939,0.08123735467488584,-0.10676044070675474,-0.0304413401813533,-0.02448588366779439,-0.24066904898464345,0.18483127652889164,-0.2557634268071766,0.739634843941349,-0.051398112630583755,-0.42816653731396515,-0.1568139825147994,0.03767025214277739,0.18489595773928988,-0.404529558244014,-0.09870076037530118,-0.15965486524780864,0.17302035154550457,0.3947017597346843,-0.27279915619006345,-0.3854321545015248,0.41563671084031334,0.7601745413802427,0.23470382608249876,-0.32488126012924057,-0.2982990949211185,0.26402159181428575,0.23076044637083695,-0.2324481592458389,0.4338192155852083,0.16304990979971934,0.5054281117973392,-0.40304492287202504,-0.2574057465971313,0.4667573472207144,0.4359998250873647,-0.1178350152007162,0.28072361764095594,0.4936748546616642,-0.3525855663380401,-0.2940654410010478,0.5978050511268649,0.36128357420490925,1.0,0.401014745353231,-0.2489114814740384,0.2917241005769175,-0.3301675172922446,0.23798871660696547,0.01689486107632662,0.06165789368140886,0.28872078308582955,0.1276236572696928,0.0468980461251536,0.009642833735346473,0.20414211543240174,-0.019095964811041734,-0.029675987192121042,-0.04235464583924723,0.013742189171835418,-0.04746571845453548,0.33990223932164376,0.06237501399667235,0.128010456431588
ZFP36L2,0.3023556421586496,-0.3003997110501037,0.3375445258520247,0.4054131632598641,0.3497065023269991,-0.3189420503877225,0.20985550048528906,0.08289701579356522,-0.27610737206586244,-0.254640537793601,-0.24287183608028184,-0.14148839718388373,0.18481983094029877,-0.1216360009569405,0.37811737650837624,0.1340252894217773,-0.3219695344962791,0.03319117307326224,-0.011932784862035653,0.055638395728315644,-0.24357604283705667,-0.2587870263481352,-0.3854415007082306,0.18990793634891456,0.29544497719326096,-0.08410949186155002,-0.1779213035953626,0.42043215536823103,0.4304695422087609,0.1860003699430534,-0.27529862468076793,-0.043961778356465246,0.3990384881441926,0.35178560700675204,-0.13472117750201693,0.378286378707493,0.5559617990442306,0.61606941759719,-0.40893111554487677,-0.4500634343003949,0.4411310896631021,0.5741700658189148,-0.25697318186648527,0.28509833788842837,0.6548024856024967,-0.3831315635021746,-0.3855290699938299,0.6024510612185449,0.3851503551796108,0.401014745353231,1.0,-0.30814069187140386,0.34820667496847274,-0.3671351265888112,0.2403987408407727,0.1834816998049264,-0.07078424318095884,0.23010651192734083,0.1781696257095029,0.06932135371238884,0.19414544435037878,0.27179211475505777,0.035807116947238864,-0.07160347818567359,0.17027551819631248,0.056706955020632034,-0.01551937650687971,0.12030519356010026,0.07796206079952249,0.14176832832264807
ARFGAP1,-0.006033143918248865,-0.059160595366459616,-0.10702456134774747,-0.002523477975922335,-0.03837532220228307,0.44955842072242624,-0.09059548062205978,-0.03006736333719934,0.24086498618624758,0.323862209215475,0.34333141528719263,-0.16989711750822223,0.1656310518122737,0.17168592425809154,-0.1359076273345513,-0.05539664738792898,0.07521639750556884,-0.14179329066006266,-0.07990211126803723,0.1878319224244112,0.11974401709149676,0.41678610827712886,0.053037630612589384,0.025556145059223653,-0.0505415553552043,-0.23648469943135056,0.02017203555297141,-0.1736714880706246,-0.19868870729941834,-0.025298815079770675,0.01938710339836792,-0.12429124315918308,-0.14973194760566147,0.09012036884955793,-0.21357529116846655,-0.5636793404534602,-0.4723966590516785,-0.3624050323401425,0.38319101274501277,0.5104298100034795,-0.4287078914714721,-0.32032065624287914,0.4492340376620781,-0.4982331682088128,-0.3683031708776507,0.4762789502048737,0.36360562253810347,-0.3911340733150022,-0.5395655831114577,-0.2489114814740384,-0.30814069187140386,1.0,-0.5410504260136956,0.47293934692193323,-0.19449564614258982,-0.1668283730682924,-0.0672443368804823,-0.008730590076250698,-0.14020258237260708,0.09273747412040294,-0.14730138514634533,-0.08731022732417333,-0.05647557776759826,0.04407468697428642,0.26880134553054497,-0.04338667453071995,0.04261191654657833,-0.09248492705822052,-0.07913234289000157,-0.0423222621509
SELENOF,0.0868461884061851,-0.08930933178577474,0.13691105646143464,0.10913009253659389,0.11506408755633386,-0.4606735000804917,0.07045271297723832,-0.08342609764852547,-0.29710420890662753,-0.27048419851784866,-0.28774435340811805,0.05471745514645628,-0.044713514861337386,-0.18745835437055716,0.19395848938464733,0.025607221853491756,-0.2446733037029157,0.05575731722043026,0.13130309444060526,-0.09064657754107626,-0.25606466044308984,-0.3627815944802601,-0.1051066126032,-0.001960491210273577,0.05940688919733955,0.10497335416160683,-0.1576583294889029,0.2912908114444911,0.22714876460878494,0.04995373843817096,-0.014014642375559494,0.030091081676891056,0.1539302452085135,-0.03556742553818924,0.12126877193188541,0.690347993131101,0.5564504177292043,0.48659444483894587,-0.5159852097282465,-0.595073972130558,0.4220740464560171,0.43133946337331025,-0.47905774953516483,0.698690833992079,0.48451890073933707,-0.5697040314728107,-0.45683032479698527,0.48777912568620196,0.7746489432173993,0.2917241005769175,0.34820667496847274,-0.5410504260136956,1.0,-0.44498276241165446,0.5797378607633942,0.29818530142902366,0.06628733309849393,0.11717387567129524,0.11095611333736062,-0.13689569863959045,0.30758113339350523,0.10179497834705575,0.05473358429600466,-0.08180865413645111,-0.14980199978363468,0.015000910374618884,-0.03191822048215559,0.1201076490551512,0.058762775541791844,0.026384230011667398
CHTF18,-0.15221626038094033,0.13146762676836335,-0.2497321314481467,-0.19486560671369826,-0.173230935588667,0.3254798218156458,-0.14846577059426563,-0.058804726278627796,0.4491665452024557,0.4908865940616574,0.3150930855159376,0.050845496980112245,0.039869202989383234,0.02914055931887103,-0.19909126007878875,0.08273399227587343,0.126597116049685,-0.045001388381126994,0.23458614286852014,0.12188940876593485,0.10736350880362794,0.45657117883602294,0.36067444066885973,-0.06619288945618333,-0.1525418046787006,-0.07547288446498825,0.13626654344325256,-0.21389628380907608,-0.3295872223346787,-0.051143058907500843,0.06764923448397121,0.030599923953234263,-0.1491263364144923,-0.08330601168775932,-0.028181214402637596,-0.49072166608002166,-0.3838930124316745,-0.5064337024336194,0.32700871491759126,0.3797151888231004,-0.444514590328459,-0.4196462699555666,0.3363290861487371,-0.38399689071820486,-0.44050271892415566,0.35780573001626437,0.3748643027258139,-0.48646445189084603,-0.4560593472384008,-0.3301675172922446,-0.3671351265888112,0.47293934692193323,-0.44498276241165446,1.0,-0.25854356984728893,-0.1537604151273613,-0.05398301650919691,-0.2326163413852728,-0.22845981592215214,-0.03777600397854414,-0.21031920505673726,-0.20453418953582894,-0.011696548857924859,0.021058909099349245,0.02779211926186001,-0.06213591518586484,0.04221538230160061,-0.08553756700501305,-0.08180276198664883,-0.06029475082346509
CTHRC1,0.07454368996556053,-0.22957709449183528,0.037305594391234695,0.14179831650996838,0.04319597225257477,-0.25804340435357226,0.055270515242615545,-0.22912075446527982,-0.19468645256080794,-0.11524688101281266,-0.15544853983518725,-0.09974286829323843,0.0409223506377111,-0.25007971978212146,0.16032402946132507,-0.11342127599911989,-0.32785228176773695,-0.05447001879828492,0.11419812333043304,0.05516821472609047,-0.33325759351092477,-0.1581137256134374,-0.08633737430501215,0.008772564772188341,-0.011662324737447938,-0.09389144130030651,-0.2513610432300191,0.3659102726193712,0.14437531863304173,0.018494639523824838,-0.08808412438375811,-0.0887298958685954,0.19760964922318136,-0.002377156954445675,-0.1351260428421931,0.4482187358052329,0.28050815029881593,0.37413429333200243,-0.3785176330672315,-0.46899582470312035,0.2386809447628675,0.3670632521252478,-0.23335230986267524,0.48318430010033464,0.5265006358583286,-0.4723127175013394,-0.32257588197271325,0.5186503907152127,0.5669902123341333,0.23798871660696547,0.2403987408407727,-0.19449564614258982,0.5797378607633942,-0.25854356984728893,1.0,0.5931500306491326,0.05905206620477215,0.2696789131433108,-0.035826378565040375,-0.07781276042593653,0.6969219359486413,0.024120776815631868,0.061195893296983994,-0.05436370020075059,0.28870363725135145,0.016306085082554562,-0.04124041754994157,0.06980752474112915,-0.0076637269062870975,-0.03418912904982862
HSD17B6,-0.014601102207926476,-0.09844616887101588,-0.03387529274039983,0.02991210299528201,-0.053662740789941855,-0.08121109474879838,-0.1341034181452303,-0.2810381553574426,-0.12473186270356766,-0.06690599510915092,-0.12354867579879272,0.04047675049890142,0.022109840701047098,-0.18952768383595764,-0.07650380807108709,-0.086390296057226,-0.14775747742889433,0.013099406098873181,0.16561430483211198,0.04437635069461187,-0.1285285120239051,-0.12242984631310604,-0.04702338679867427,-0.01949840302858419,-0.19248153563337894,0.060600834110960844,-0.03735698392089114,0.26759779080078316,-0.09858150087611953,-0.058514580401514596,-0.01533438756592526,-0.005558168855270024,0.1416970094279888,-0.11416256829428192,-0.08106609802403225,0.27571045809210815,0.2790635761929045,0.21186947383313273,-0.15683491668263252,-0.40085138525102004,0.1942737805230287,0.24697643696278943,-0.14022915453849008,0.24516823730132922,0.4400100337041939,-0.3756305767720568,-0.2092461970794629,0.4029563616009435,0.25838977050038253,0.01689486107632662,0.1834816998049264,-0.1668283730682924,0.29818530142902366,-0.1537604151273613,0.5931500306491326,1.0,0.08008821768147695,0.2047895612830384,-0.08023952240171005,-0.1231403454603855,0.8264913844546761,-0.06764183775545307,0.04255630578592201,-0.024584998025786398,0.33493398571193184,0.019419177984049428,-0.04123746285472202,-0.013865077814464543,-0.01025095754802977,-0.0706822262756425
LRRC38,-0.011168504382728239,-0.05367118740936185,-0.006051310806741229,0.007403297238342381,-0.02356713767807123,0.01912734419634073,0.031445758698167285,-0.06098444693644867,-0.02393311959582578,0.010069891938460014,0.019537494929058114,-0.03779929535676074,-0.009805363093353819,-0.04806528673160557,0.04104586715087283,-0.08163090410204923,-0.020694627869292756,-0.01926236424696401,-0.04633365305923111,-0.019414839900561136,0.02752763598051671,-0.018045602276411932,0.014484224570976274,0.002256518778747077,0.01787867048604577,-0.059427627411176465,-0.00528375700660352,0.03506485925282736,0.02061525684830441,0.004935470816943726,0.013568323589245,-0.08349347561283103,-0.01876304380665287,-0.02703877972592492,-0.05965312641274232,0.1621304942148337,-0.03684679619811978,0.046285171099052544,-0.04499464828718832,-0.047389085093906595,0.04834326676025398,0.012120566172026566,-0.03090610848751726,0.13164205156618267,0.05085311706075665,-0.0936686244080582,-0.05326085962568925,0.03785414757473617,0.09543597666179768,0.06165789368140886,-0.07078424318095884,-0.0672443368804823,0.06628733309849393,-0.05398301650919691,0.05905206620477215,0.08008821768147695,1.0,0.07012637389588959,0.004565224965535542,-0.04549014568066875,0.02163889892857036,-0.007008078796304863,-0.17369158233314227,0.010889038306708537,-0.07016194614396574,-0.1151396549841906,0.003193705744773512,0.026068699337849364,-0.0555050511549402,-0.04202609339243102
CES1,0.2402208940275983,-0.17932170580756263,0.2315898861663797,0.2613387160614529,0.2024316234958838,-0.09704273901007751,0.2238114560294217,0.04604251101752537,-0.2733054907083093,-0.21947830978072522,-0.14969586711750646,-0.19903966499152037,0.1421112834032906,0.06276152338309872,0.1951942908669797,-0.1477099736662369,-0.11818289895268218,-0.07823810810050044,-0.22926894846791276,0.08116744514745229,-0.14925670839625643,-0.07442036867764773,-0.3070111363169664,0.12014160128055727,0.21683345066698634,-0.13994281590535682,-0.13266426937129686,0.22640553088203644,0.23949934843361975,0.04064584647682969,-0.11021305796546728,-0.10864051600521678,0.12019049735619787,0.18186640110823143,-0.12228228131439048,0.17986393966021358,0.10028506455276702,0.3224249116483809,-0.1593402518219871,-0.0820144186117683,0.22381472535582134,0.20942994650949412,-0.041232363252899015,0.12298240229949647,0.3283094741351477,-0.1377964004922856,-0.12951035672134084,0.4148147713545426,0.15096404217868858,0.28872078308582955,0.23010651192734083,-0.008730590076250698,0.11717387567129524,-0.2326163413852728,0.2696789131433108,0.2047895612830384,0.07012637389588959,1.0,0.17829979456058273,0.15865617268645812,0.2617372617933032,0.1668826999624231,-0.0018202434844074846,0.0059630259094589026,0.27689657043210936,0.06562472597918254,0.004482728966960626,0.0691806458743614,0.04179734355090254,0.06194245785640847
ATP1A2,0.0718115132908709,0.09520750196969874,0.1932985421354492,0.07776418609904173,0.12417531581203496,-0.16205428475317898,0.0369011637884021,0.2281569971570542,-0.2575412077165746,-0.3432103246831969,-0.23915018705854155,0.027435661765292,-0.09712040156325084,0.1558564728527757,0.04890355767168758,-0.05005743013538823,0.04089841848352826,0.09860667454650351,-0.2285900931302174,-0.16835215373547666,0.026535475435653395,-0.19280981783052634,-0.19317576627728208,0.06766848429655775,0.12588965222819054,0.13271941192127554,0.02090012395695413,0.04319196615707472,0.16803423227691072,-0.018314109574186554,0.10792361584551857,0.10949908590230961,-0.018282222322474867,0.13477127030401556,0.18580939387062817,0.10710797991660491,0.07507594826567739,0.3071354295002844,-0.10518859532593827,-0.02489487311009642,0.2301483057020725,0.10241245706142477,-0.2886861317469639,0.11182063152937374,0.08767781402970466,0.01957035241282901,-0.11015928283084472,0.2267177699023632,0.08775000121760206,0.1276236572696928,0.1781696257095029,-0.14020258237260708,0.11095611333736062,-0.22845981592215214,-0.035826378565040375,-0.08023952240171005,0.004565224965535542,0.17829979456058273,1.0,0.08495653517975944,-0.03236468030878584,0.19516379840774548,-0.10496582573089719,0.018789905506408695,0.05879316159677208,0.026496434976068135,0.02247804963442154,0.005459144571560703,0.04877328533613192,0.006591511694769683
SCN2A,0.34289360130332636,-0.13102964685165774,0.3100697972221476,0.2504099811079511,0.3286300187782773,-0.04494071317259729,0.06308255592973319,0.12303120434746398,-0.0637462889369909,-0.04252599625796879,0.03816152442509865,-0.19888979339476395,0.27351644820517723,0.054356252209872065,0.026019277267322213,0.07804030910493462,-0.10387386902311041,-0.09772609829948854,-0.17184503906022178,0.12825162558549483,-0.05512458570293988,0.05928491722396946,-0.16054225183541998,0.20313400058154346,0.23621507673235811,-0.1483504503158016,-0.01407858922704129,-0.016114736152965325,0.059231237091468235,0.21892777604787877,-0.1924677522905262,-0.12003594359251621,0.04575853161053629,0.3098072746992893,-0.11110469714964955,-0.07971089412534865,-0.1652985499886384,0.052971117590719353,-0.11563387678581204,0.21528496023168586,-0.05292886458399489,0.10816056001739122,0.15666454313480618,-0.09479290941785977,-0.03201348355434551,0.16294775427788818,0.06910418034354379,0.020063215958470507,-0.09836568514010134,0.0468980461251536,0.06932135371238884,0.09273747412040294,-0.13689569863959045,-0.03777600397854414,-0.07781276042593653,-0.1231403454603855,-0.04549014568066875,0.15865617268645812,0.08495653517975944,1.0,-0.07352579442976268,0.07297281172455211,-0.04956871310568486,-0.0030631284439478286,0.15526841464055857,0.017258197288228572,0.07983415112811253,-0.021742327875834147,0.024462460894298075,0.15305503267918266
COL10A1,-0.015856539766754687,-0.007306217342194086,-0.002867299211099524,-0.015522745335830616,-0.06689496242971954,-0.0821440175846329,-0.1130815442901857,-0.21554018142717157,-0.24287817909341827,-0.21336543514954917,-0.24176021704367337,0.06461603462540634,-0.045931356888286784,-0.06914426949258058,-0.13662828653277018,-0.17020315034473998,-0.06478996334731218,0.11750226753760208,0.010534385371966543,-0.05049868465814877,-0.10233503137517556,-0.1983861043610975,-0.16375305355896647,-0.0766082420090904,-0.21375216690821008,0.12628038953709492,-0.0045782165554107135,0.19109362315054806,-0.0928390297072892,-0.11406435647453254,0.0893405210361144,0.10104420905315897,0.057582151827771946,-0.1454558027829636,0.007459732573093814,0.2682591911713904,0.2446011472914487,0.24154767926191448,-0.09746661145196722,-0.3422893400284238,0.21403178418143765,0.19790897961650514,-0.18110435492070848,0.27689711237033954,0.42902398187866453,-0.2760768690330747,-0.1492387062534761,0.46295600045176144,0.2590624030652864,0.009642833735346473,0.19414544435037878,-0.14730138514634533,0.30758113339350523,-0.21031920505673726,0.6969219359486413,0.8264913844546761,0.02163889892857036,0.2617372617933032,-0.03236468030878584,-0.07352579442976268,1.0,-0.048499031751950146,0.04815980207974722,-0.03278637152036176,0.4864242801493964,0.014899269002082665,-0.059259307082449586,-0.04263234198921025,-0.012268323983987885,-0.08477751550058718
PENK,0.17302108001298197,-0.10825494113226714,0.23480121447097682,0.23083987374009488,0.19760737507234294,-0.09651263237485011,0.10191798208092148,0.15730857004020873,-0.1788935975319494,-0.16996317958299365,-0.11743159277831951,-0.09266561759813936,0.06132156655611788,0.0282460822481587,0.19439479914037666,0.0005634020697408371,-0.12790195990096684,0.01771563897538295,-0.12620748765927348,-0.012499729498550879,-0.07069063018549682,-0.11968313272455394,-0.19234729220399965,0.1548533846826807,0.1981689539276972,-0.04614905714461814,-0.057551262970269114,0.15213433026479056,0.27955159619398207,0.11136619554818389,-0.07008898126981011,-0.06347941529361568,0.09874134432067244,0.22552105858977056,-0.000625632891400804,0.17798844552635526,0.12592198387486173,0.3308799257026655,-0.11068365539318799,-0.07823464196597496,0.19592248643637586,0.21663659996937024,-0.12351694166361156,0.1359650882252419,0.21606845594584484,-0.09058330798115122,-0.14778100302722535,0.28795225895063775,0.12747653387973687,0.20414211543240174,0.27179211475505777,-0.08731022732417333,0.10179497834705575,-0.20453418953582894,0.024120776815631868,-0.06764183775545307,-0.007008078796304863,0.1668826999624231,0.19516379840774548,0.07297281172455211,-0.048499031751950146,1.0,-0.07053470647354354,-0.03761565476125319,0.046470921139480995,0.0341451740613016,0.008020610780154895,0.049354393006572315,0.08452359135276372,0.04403269802523295
CXCL3,-0.025333158601058604,-0.03267969238922711,-0.044662102306003836,-0.011990529947637312,-0.009552039221792171,-0.011078262589228638,0.010206097956378453,-0.0176475535552184,-0.03960853682691235,-0.034487937678106706,-0.07538354112953888,-0.005479831469105242,-0.012307524963506669,-0.07055773848791748,0.002672296577375838,0.05177173320521282,-0.07373174400884865,-0.040926661790235394,0.06813347114450213,0.01639105525390581,-0.08792691553698684,-0.028670052440066072,-0.0018067375666142753,0.009909208405365133,-0.04180961926503481,-0.005615706834157768,-0.04937110170253,0.016502437826918293,-0.04476489287083778,-0.010009912025028994,-0.04224988936799285,0.09230643888517973,0.042773100362801325,-0.041908808531987925,0.0442970923207524,-0.018900397260253554,0.0979681279776655,0.0058469344081601374,-0.04257379107081116,-0.08889337373667312,0.023822520957649522,0.05906009646407543,-0.032359869281177164,-0.007208364483872705,0.038258928327964105,-0.08511404030228296,-0.06943108428791135,0.015268727834165217,0.0512866614107234,-0.019095964811041734,0.035807116947238864,-0.05647557776759826,0.05473358429600466,-0.011696548857924859,0.061195893296983994,0.04255630578592201,-0.17369158233314227,-0.0018202434844074846,-0.10496582573089719,-0.04956871310568486,0.04815980207974722,-0.07053470647354354,1.0,-0.07126191349102812,-0.021163708874464355,0.07304055290434124,-0.07736097939844862,0.04601262746840635,0.11500891952003006,0.07293149066575882
MRGPRX2,-0.015070958989459489,-0.0012316294890927526,-0.011238618113087078,-0.01925473876526834,-0.008744938661838817,0.012688840240205253,-0.09587070387895016,-0.036079988635324044,0.046769524816904315,0.039276663486327766,0.06700185178639885,0.018583962434949485,-0.009752253072231706,-0.008688564819261774,-0.019524362081936954,-0.016496027887559484,0.051387067980925356,-0.013215774989548625,-0.0019966053701307848,0.00935358004666921,0.09838679909815298,0.044032258301764333,0.06301158710306676,0.02135586792080581,-0.019334760231582357,-0.00310344157778257,0.025217320219102272,-0.019617262772884433,-0.040366963657544205,-0.028822704802139793,0.03222507017466886,-0.03764970427451786,-0.03293196117594952,0.00904555008311531,-0.015018004022122491,-0.03614215104868313,-0.05931401706411737,-0.03724984413739054,-0.0029434153532131874,0.0729707627739982,-0.027165133483719163,-0.04124071029377284,0.02438278908161887,-0.0697200734667215,-0.05026166820226917,0.04786601652830033,0.03167303130156884,-0.0602093666511795,-0.06342435153855508,-0.029675987192121042,-0.07160347818567359,0.04407468697428642,-0.08180865413645111,0.021058909099349245,-0.05436370020075059,-0.024584998025786398,0.010889038306708537,0.0059630259094589026,0.018789905506408695,-0.0030631284439478286,-0.03278637152036176,-0.03761565476125319,-0.07126191349102812,1.0,0.004959415637778106,0.01844517989625388,0.0027196723071766546,0.012753677350346408,-0.047900302944518997,-0.01511697714013901
BGN,0.16660215329183606,-0.09465777410068046,0.12644646530055825,0.16927286705679773,0.12478516133973282,0.125695241502244,-0.05922311350892882,-0.048209019828410846,-0.09174123696665344,-0.047763287185446666,-0.06437425172466953,-0.1493329026109889,0.09838307529280643,0.13495465940553697,-0.06883929773319714,-0.09778031763036485,-0.02623565747408977,0.004788711203328761,-0.15422012224749168,0.02684870391050192,-0.04388908136374383,0.0211191988839909,-0.2430694004268242,0.035291657301706435,0.03986323189277672,-0.12767502313000606,0.038105389261797185,0.10042912173374326,-0.02061614258413842,-0.015812731571770235,-0.06543528836028743,-0.02658007791693823,0.09239135497664751,0.25772757137853347,-0.15399788991984703,-0.11635516812923433,-0.05177577983351478,0.1443464591944424,0.04459907335822429,0.1148996523396826,-0.03307123846005212,0.019923238999534465,0.10166110833745866,-0.1456052289588811,0.16424796761987173,0.17592090563882742,0.07371211268650317,0.18409590627422098,-0.15524263018665746,-0.04235464583924723,0.17027551819631248,0.26880134553054497,-0.14980199978363468,0.02779211926186001,0.28870363725135145,0.33493398571193184,-0.07016194614396574,0.27689657043210936,0.05879316159677208,0.15526841464055857,0.4864242801493964,0.046470921139480995,-0.021163708874464355,0.004959415637778106,1.0,0.01229576389566262,-0.018818335328531055,-0.11724596037983158,-0.01099298592834511,-0.026048051266084483
SLC10A6,0.029637271142737905,0.005224912345803795,0.04549625190754702,0.040334884326914844,0.028244419729322328,-0.05215377559663862,0.01842141382768989,0.031278402917961856,-0.08821032172417248,-0.0817760347584685,-0.06642748357644544,0.0016026860725950292,-0.002803971958001741,0.025106743801050053,0.018277439516225943,-0.0039265987025292525,-0.018174430762713484,-0.000561243549615854,-0.034764396642074244,-0.0057968544869899654,-0.012205702457851035,-0.04989135997647111,-0.0640507961604873,0.012956618545152659,0.001549319115635549,0.010589355861599618,0.001753778268740425,0.03193665413268067,-0.01577101135738553,0.022867834880967584,-0.0177329997492432,0.023835113288833212,0.0435661154153686,0.016797618440400827,-0.010459722803701261,-0.0037523703680700507,0.08092414114865036,0.040977462897809534,-0.024514398356641494,-0.03256814246443388,0.06766808069055033,0.036181338332998164,0.0023571004449408715,-0.010610984838436695,0.047994255744999575,-0.04244627021350842,-0.02966109882236551,0.0567601479026786,0.014580697364221904,0.013742189171835418,0.056706955020632034,-0.04338667453071995,0.015000910374618884,-0.06213591518586484,0.016306085082554562,0.019419177984049428,-0.1151396549841906,0.06562472597918254,0.026496434976068135,0.017258197288228572,0.014899269002082665,0.0341451740613016,0.07304055290434124,0.01844517989625388,0.01229576389566262,1.0,0.02378671913187351,-0.027292813377214693,0.05611568946493212,0.06664974971044033
CCDC141,0.011441262716419123,0.016318861389046372,0.002200219905505801,0.027212774640600536,0.017001447812300393,0.008914495305496812,0.0056098099035367215,0.032260941029038884,-0.006923982977739596,-0.012160542008557762,0.02206741557301845,-0.029496886567212,0.029527388016889144,0.04077884748424412,-0.04379720471102486,0.011885363712300322,0.023818581891860632,-0.01006375895109057,-0.037622399363790145,0.008254789261352135,0.06556184221247648,0.05100092629647978,0.00025551861156665587,0.02936880234194063,0.04347529227444444,-0.02244473966246981,0.03701335623894304,-0.04289214102516069,-0.022431178068577452,0.009788421474896019,0.00460246315797925,-0.024258014207642693,-0.023949484985779014,0.03490796588606745,0.0018080473702400482,-0.012639995049174029,-0.017556791621118537,-0.03998366648758408,0.02509074916522629,0.061179181368933515,-0.02050940556123304,-0.027956667950330704,0.015084754172952589,-0.01076450986430981,-0.045840235561967826,0.03412456527554228,0.03085769495051314,-0.040270975624514975,-0.04273612854263116,-0.04746571845453548,-0.01551937650687971,0.04261191654657833,-0.03191822048215559,0.04221538230160061,-0.04124041754994157,-0.04123746285472202,0.003193705744773512,0.004482728966960626,0.02247804963442154,0.07983415112811253,-0.059259307082449586,0.008020610780154895,-0.07736097939844862,0.0027196723071766546,-0.018818335328531055,0.02378671913187351,1.0,-0.02522580013108662,0.021727062781448304,0.0029428990969893078
PKHD1L1,0.05657521819562514,-0.21672734939766486,0.025093091159639997,0.13700374915170194,0.08915527271969464,-0.16065706476344804,0.07720726770233823,-0.019904909531030763,0.08213613636955626,0.08206884528071653,0.09928819328753054,-0.15138179974548002,0.11158856528953695,-0.19751207833016945,0.3149577152067073,0.03785799395333296,-0.2345192328979133,-0.16903685268802227,0.14251219909995994,0.13828583908042383,-0.20562411994231555,0.029722977764165354,0.03275371566037831,0.10077710469416244,0.14707219716685954,-0.1676372677085196,-0.2509373739367194,0.17336400866033105,0.274041811835109,0.12784146772534,-0.16201816617289655,-0.1853750328253464,0.15238854303706909,0.087088999036646,-0.1674165835479322,0.1527084468512112,0.0717011842888154,0.1829785634529547,-0.19348755425436553,-0.1483808688278832,0.14313182590670975,0.19689737654228817,-0.023687914764385108,0.10332634078816733,0.22224244181194358,-0.20793606900992628,-0.155367148872112,0.20027633027268016,0.1513486830737062,0.33990223932164376,0.12030519356010026,-0.09248492705822052,0.1201076490551512,-0.08553756700501305,0.06980752474112915,-0.013865077814464543,0.026068699337849364,0.0691806458743614,0.005459144571560703,-0.021742327875834147,-0.04263234198921025,0.049354393006572315,0.04601262746840635,0.012753677350346408,-0.11724596037983158,-0.027292813377214693,-0.02522580013108662,1.0,0.01102609845387324,0.0727656553551421
OR2L13,0.0992249829488493,0.016946858200402395,0.13745080019408432,0.02131557475951831,0.11679680170321449,-0.05817781886093877,0.054662714223828006,0.08017838532219125,-0.05480761813346756,-0.11206512308049123,-0.0847585977495713,-0.0029393759823060244,0.0221182558951741,0.04243348824386399,0.014267580881961046,0.03578548166351663,-0.014595990555559568,0.04289926859590524,-0.02500045192912821,-0.019075753653751814,-0.01673613402485616,-0.08639009903987953,-0.05001539219955787,0.0758837792976491,0.04636781347853906,0.05089446167842851,-0.008454912836611966,-0.003367112221330052,0.06774174831960614,0.049635150248665216,0.022098420474895016,0.024568515424879218,0.020569488028447033,0.0401781781483044,0.059652456437271316,0.05594398016445775,0.06050713739745152,0.0967774368796879,-0.013069741350452597,-0.03271121322386701,0.11458697780946038,0.07039493964082502,-0.11363999781217389,0.0602489985008324,0.05657072281872975,-0.04539218444317024,-0.026580490729109788,0.0759854238558568,0.04202862981445026,0.06237501399667235,0.07796206079952249,-0.07913234289000157,0.058762775541791844,-0.08180276198664883,-0.0076637269062870975,-0.01025095754802977,-0.0555050511549402,0.04179734355090254,0.04877328533613192,0.024462460894298075,-0.012268323983987885,0.08452359135276372,0.11500891952003006,-0.047900302944518997,-0.01099298592834511,0.05611568946493212,0.021727062781448304,0.01102609845387324,1.0,0.07901991237724212
DSC1,0.23304569922421078,-0.1930025298423744,0.20634536920236235,0.2370467023684,0.24597457728913263,-0.08098414504232651,0.051337253883188674,0.056424966906754956,0.005830394466069424,0.029371721624396312,0.03851102952820572,-0.14360423369992498,0.2305583981585491,-0.10141774553766446,0.11710524518408165,0.12714725062332083,-0.17532694489479095,-0.13732024402849802,0.0162825422671083,0.17760631773836572,-0.09524699846115878,0.03326191379105569,-0.025421054647941223,0.211310776377443,0.20996349345089316,-0.1482412098687216,-0.1203104738688537,0.10364670463196039,0.13095114529641966,0.22637378028142865,-0.19046448193143184,-0.14953368203650136,0.1605202750880567,0.21348472651438155,-0.11046118568499887,0.03790183453654671,0.057798773054103914,0.13816156239154204,-0.13366853972441972,-0.03443286865156791,0.07110868414540238,0.18911168971637568,0.019456941935102095,0.046095783527722985,0.10645612439144003,-0.08454498870447089,-0.055936690479132904,0.07477499602177907,0.03510147850400174,0.128010456431588,0.14176832832264807,-0.0423222621509,0.026384230011667398,-0.06029475082346509,-0.03418912904982862,-0.0706822262756425,-0.04202609339243102,0.06194245785640847,0.006591511694769683,0.15305503267918266,-0.08477751550058718,0.04403269802523295,0.07293149066575882,-0.01511697714013901,-0.026048051266084483,0.06664974971044033,0.0029428990969893078,0.0727656553551421,0.07901991237724212,1.0
