gene_a,gene_b,spearman_correlation,abs_correlation,relationship,gene_a_sources,gene_b_sources
KRT17,KRT5,0.8786776377347074,0.8786776377347074,positive co-expression,curated_breast_cancer_marker; tumor_subtype,curated_breast_cancer_marker; tumor_subtype
KRT14,KRT5,0.8313169703488613,0.8313169703488613,positive co-expression,curated_breast_cancer_marker; tumor_subtype,curated_breast_cancer_marker; tumor_subtype
KRT17,KRT14,0.8311122787515491,0.8311122787515491,positive co-expression,curated_breast_cancer_marker; tumor_subtype,curated_breast_cancer_marker; tumor_subtype
HSD17B6,COL10A1,0.8264913844546761,0.8264913844546761,positive co-expression,cancer_signature,cancer_signature
RPL21,RPL10A,0.8182115318057174,0.8182115318057174,positive co-expression,survival,survival
C1R,CFH,0.8033241045951958,0.8033241045951958,positive co-expression,survival,survival
SDHD,SELENOF,0.7746489432173993,0.7746489432173993,positive co-expression,survival,survival
CLEC10A,KLRB1,0.7601745413802427,0.7601745413802427,positive co-expression,tumor_subtype,survival
MARCHF6,FOXP1-IT1,0.7425271622354461,0.7425271622354461,positive co-expression,survival,survival
MKI67,CDC20,0.7407991263263648,0.7407991263263648,positive co-expression,curated_breast_cancer_marker; recurrence,curated_breast_cancer_marker; recurrence
FCN1,CLEC10A,0.7407660162196961,0.7407660162196961,positive co-expression,tumor_subtype,tumor_subtype
FCN1,KLRB1,0.739634843941349,0.739634843941349,positive co-expression,tumor_subtype,survival
PLPP3,CFH,0.7241438337408247,0.7241438337408247,positive co-expression,survival,survival
PRNP,C1R,0.7009409000132939,0.7009409000132939,positive co-expression,survival,survival
ESR1,RERG,0.6994262757441913,0.6994262757441913,positive co-expression,curated_breast_cancer_marker; tumor_subtype,tumor_subtype
RPL10A,SELENOF,0.698690833992079,0.698690833992079,positive co-expression,survival,survival
CTHRC1,COL10A1,0.6969219359486413,0.6969219359486413,positive co-expression,cancer_signature,cancer_signature
RPL21,SELENOF,0.690347993131101,0.690347993131101,positive co-expression,survival,survival
RPL21,SDHD,0.6858188391831294,0.6858188391831294,positive co-expression,survival,survival
PLPP3,C1R,0.6847972095088671,0.6847972095088671,positive co-expression,survival,survival
ESR1,SLC39A6,0.6793564843805654,0.6793564843805654,positive co-expression,curated_breast_cancer_marker; tumor_subtype,tumor_subtype
RPL10A,SDHD,0.6782614726000421,0.6782614726000421,positive co-expression,survival,survival
C1R,FOXP1-IT1,-0.6628779562097904,0.6628779562097904,negative/opposite expression,survival,survival
SLC39A6,RERG,0.6564023938929605,0.6564023938929605,positive co-expression,tumor_subtype,tumor_subtype
C1R,ZFP36L2,0.6548024856024967,0.6548024856024967,positive co-expression,survival,survival
MARCHF6,C1R,-0.6406897145483771,0.6406897145483771,negative/opposite expression,survival,survival
ESR1,EGFR,-0.638223267845945,0.638223267845945,negative/opposite expression,curated_breast_cancer_marker; tumor_subtype,curated_breast_cancer_marker; tumor_subtype
KRT5,FOXC1,0.6379492666596115,0.6379492666596115,positive co-expression,curated_breast_cancer_marker; tumor_subtype,tumor_subtype
KRT17,FOXC1,0.6334437796969515,0.6334437796969515,positive co-expression,curated_breast_cancer_marker; tumor_subtype,tumor_subtype
BCL10,MARCHF6,-0.6308869216193679,0.6308869216193679,negative/opposite expression,survival,survival
EGFR,FOXC1,0.628408341021826,0.628408341021826,positive co-expression,curated_breast_cancer_marker; tumor_subtype,tumor_subtype
FABP5,PRNP,0.6266797376006988,0.6266797376006988,positive co-expression,tumor_subtype,survival
CDC20,RFWD3,0.6185607931535969,0.6185607931535969,positive co-expression,curated_breast_cancer_marker; recurrence,tumor_subtype
PLPP3,ZFP36L2,0.61606941759719,0.61606941759719,positive co-expression,survival,survival
DDX41,RMND5B,0.6129122315018739,0.6129122315018739,positive co-expression,recurrence; survival,survival
PRNP,CFH,0.6118067027622051,0.6118067027622051,positive co-expression,survival,survival
SIAH2,SLC39A6,0.6102578189404091,0.6102578189404091,positive co-expression,tumor_subtype,tumor_subtype
KRT17,CDH3,0.6085187281866293,0.6085187281866293,positive co-expression,curated_breast_cancer_marker; tumor_subtype,tumor_subtype
EGFR,KRT5,0.6075356894007224,0.6075356894007224,positive co-expression,curated_breast_cancer_marker; tumor_subtype,curated_breast_cancer_marker; tumor_subtype
ISCU,CFH,0.6066157907038996,0.6066157907038996,positive co-expression,survival,survival
MKI67,PBK,0.6053672950381025,0.6053672950381025,positive co-expression,curated_breast_cancer_marker; recurrence,tumor_subtype
PRNP,FOXP1-IT1,-0.6027926201130942,0.6027926201130942,negative/opposite expression,survival,survival
CFH,ZFP36L2,0.6024510612185449,0.6024510612185449,positive co-expression,survival,survival
MARCHF6,SDHD,-0.6010638239756618,0.6010638239756618,negative/opposite expression,survival,survival
FOXP1-IT1,SDHD,-0.5999921201583349,0.5999921201583349,negative/opposite expression,survival,survival
ESR1,MAGED2,0.5996499884533624,0.5996499884533624,positive co-expression,curated_breast_cancer_marker; tumor_subtype,tumor_subtype
CFH,KLRB1,0.5978050511268649,0.5978050511268649,positive co-expression,survival,survival
BCL10,C1R,0.5971716524189278,0.5971716524189278,positive co-expression,survival,survival
MARCHF6,SELENOF,-0.595073972130558,0.595073972130558,negative/opposite expression,survival,survival
CDC20,PBK,0.594187138724431,0.594187138724431,positive co-expression,curated_breast_cancer_marker; recurrence,tumor_subtype
CTHRC1,HSD17B6,0.5931500306491326,0.5931500306491326,positive co-expression,cancer_signature,cancer_signature
RAB17,PRRG2,0.5916555871618805,0.5916555871618805,positive co-expression,tumor_subtype,tumor_subtype
ESR1,RAB17,0.5912338283810915,0.5912338283810915,positive co-expression,curated_breast_cancer_marker; tumor_subtype,tumor_subtype
IL34,FOXC1,0.5856750229217371,0.5856750229217371,positive co-expression,tumor_subtype,tumor_subtype
FABP5,SLC43A3,0.5856298521968939,0.5856298521968939,positive co-expression,tumor_subtype,tumor_subtype
CDC20,DNMT3B,0.5854175060771601,0.5854175060771601,positive co-expression,curated_breast_cancer_marker; recurrence,tumor_subtype
TYMS,PBK,0.5845677168342613,0.5845677168342613,positive co-expression,tumor_subtype,tumor_subtype
CDC20,TYMS,0.5827409825367533,0.5827409825367533,positive co-expression,curated_breast_cancer_marker; recurrence,tumor_subtype
FABP5,C1R,0.5822352131169388,0.5822352131169388,positive co-expression,tumor_subtype,survival
PLPP3,PRNP,0.5804469118112908,0.5804469118112908,positive co-expression,survival,survival
SUSD3,ABAT,0.5799813160009533,0.5799813160009533,positive co-expression,tumor_subtype,tumor_subtype
SELENOF,CTHRC1,0.5797378607633942,0.5797378607633942,positive co-expression,survival,cancer_signature
EGFR,CDH3,0.57922166254598,0.57922166254598,positive co-expression,curated_breast_cancer_marker; tumor_subtype,tumor_subtype
KRT5,CDH3,0.5784658588785784,0.5784658588785784,positive co-expression,curated_breast_cancer_marker; tumor_subtype,tumor_subtype
RPL21,FOXP1-IT1,-0.5745183150826499,0.5745183150826499,negative/opposite expression,survival,survival
PRNP,ZFP36L2,0.5741700658189148,0.5741700658189148,positive co-expression,survival,survival
ESR1,ABAT,0.5732747194956507,0.5732747194956507,positive co-expression,curated_breast_cancer_marker; tumor_subtype,tumor_subtype
FOXP1-IT1,SELENOF,-0.5697040314728107,0.5697040314728107,negative/opposite expression,survival,survival
ESR1,SUSD3,0.5678687409612411,0.5678687409612411,positive co-expression,curated_breast_cancer_marker; tumor_subtype,tumor_subtype
SDHD,CTHRC1,0.5669902123341333,0.5669902123341333,positive co-expression,survival,cancer_signature
KRT17,EGFR,0.5646282872869661,0.5646282872869661,positive co-expression,curated_breast_cancer_marker; tumor_subtype,curated_breast_cancer_marker; tumor_subtype
RPL21,ARFGAP1,-0.5636793404534602,0.5636793404534602,negative/opposite expression,survival,survival
ESR1,SIAH2,0.5625287563517197,0.5625287563517197,positive co-expression,curated_breast_cancer_marker; tumor_subtype,tumor_subtype
RAB17,PRNP,-0.561936355467573,0.561936355467573,negative/opposite expression,tumor_subtype,survival
EGFR,MAGED2,-0.5574977260913262,0.5574977260913262,negative/opposite expression,curated_breast_cancer_marker; tumor_subtype,tumor_subtype
BCL10,SELENOF,0.5564504177292043,0.5564504177292043,positive co-expression,survival,survival
BCL10,ZFP36L2,0.5559617990442306,0.5559617990442306,positive co-expression,survival,survival
RPL21,CFH,0.5538720103508828,0.5538720103508828,positive co-expression,survival,survival
RAB17,FABP5,-0.5519640553140277,0.5519640553140277,negative/opposite expression,tumor_subtype,tumor_subtype
RPL21,MARCHF6,-0.5505101422091147,0.5505101422091147,negative/opposite expression,survival,survival
BCL10,FOXP1-IT1,-0.548821752073042,0.548821752073042,negative/opposite expression,survival,survival
CDH3,INAVA,0.5478310275318058,0.5478310275318058,positive co-expression,tumor_subtype,tumor_subtype
RAB17,MAGED2,0.5467656388939454,0.5467656388939454,positive co-expression,tumor_subtype,tumor_subtype
ESR1,INAVA,-0.5464992891446638,0.5464992891446638,negative/opposite expression,curated_breast_cancer_marker; tumor_subtype,tumor_subtype
SLC43A3,PRNP,0.544601426240881,0.544601426240881,positive co-expression,tumor_subtype,survival
ARFGAP1,SELENOF,-0.5410504260136956,0.5410504260136956,negative/opposite expression,survival,survival
SDHD,ARFGAP1,-0.5395655831114577,0.5395655831114577,negative/opposite expression,survival,survival
RPL21,C1R,0.536332605668756,0.536332605668756,positive co-expression,survival,survival
RMND5B,PRNP,-0.5352786352440977,0.5352786352440977,negative/opposite expression,survival,survival
MKI67,TYMS,0.5316361057053897,0.5316361057053897,positive co-expression,curated_breast_cancer_marker; recurrence,tumor_subtype
SMIM14,FOXP1-IT1,0.5311964947090374,0.5311964947090374,positive co-expression,tumor_subtype,survival
SIAH2,ABAT,0.529987136114189,0.529987136114189,positive co-expression,tumor_subtype,tumor_subtype
SLC39A6,MAGED2,0.5296286318283696,0.5296286318283696,positive co-expression,tumor_subtype,tumor_subtype
EGFR,IL34,0.5292523917961021,0.5292523917961021,positive co-expression,curated_breast_cancer_marker; tumor_subtype,tumor_subtype
GSK3B,RPL10A,-0.5284460553725544,0.5284460553725544,negative/opposite expression,survival,survival
RMND5B,SDHD,-0.5272445395520802,0.5272445395520802,negative/opposite expression,survival,survival
CLEC10A,CFH,0.5267893338541791,0.5267893338541791,positive co-expression,tumor_subtype,survival
C1R,CTHRC1,0.5265006358583286,0.5265006358583286,positive co-expression,survival,cancer_signature
EGFR,PRNP,0.525733188664218,0.525733188664218,positive co-expression,curated_breast_cancer_marker; tumor_subtype,survival
SMIM14,RAB17,0.5254911794142805,0.5254911794142805,positive co-expression,tumor_subtype,tumor_subtype
ESR1,CDH3,-0.5245895391754,0.5245895391754,negative/opposite expression,curated_breast_cancer_marker; tumor_subtype,tumor_subtype
KRT14,FOXC1,0.5243041925074481,0.5243041925074481,positive co-expression,curated_breast_cancer_marker; tumor_subtype,tumor_subtype
FOXP1-IT1,CFH,-0.5213951559761281,0.5213951559761281,negative/opposite expression,survival,survival
EGFR,RAB17,-0.5212484839802255,0.5212484839802255,negative/opposite expression,curated_breast_cancer_marker; tumor_subtype,tumor_subtype
PLPP3,ISCU,0.5206828932808607,0.5206828932808607,positive co-expression,survival,survival
SLC39A6,ABAT,0.5201198026700439,0.5201198026700439,positive co-expression,tumor_subtype,tumor_subtype
MARCHF6,CFH,-0.5192700826140532,0.5192700826140532,negative/opposite expression,survival,survival
CFH,CTHRC1,0.5186503907152127,0.5186503907152127,positive co-expression,survival,cancer_signature
KRT5,TTYH1,0.5183331836558347,0.5183331836558347,positive co-expression,curated_breast_cancer_marker; tumor_subtype,tumor_subtype
EGFR,SLC39A6,-0.517011390672879,0.517011390672879,negative/opposite expression,curated_breast_cancer_marker; tumor_subtype,tumor_subtype
MKI67,RFWD3,0.5167580475191283,0.5167580475191283,positive co-expression,curated_breast_cancer_marker; recurrence,tumor_subtype
RMND5B,SELENOF,-0.5159852097282465,0.5159852097282465,negative/opposite expression,survival,survival
SIAH2,SUSD3,0.5156680153406832,0.5156680153406832,positive co-expression,tumor_subtype,tumor_subtype
FABP5,CFH,0.5139771384757351,0.5139771384757351,positive co-expression,tumor_subtype,survival
FABP5,FOXP1-IT1,-0.5120011906488432,0.5120011906488432,negative/opposite expression,tumor_subtype,survival
MARCHF6,EZR,0.5109001019039455,0.5109001019039455,positive co-expression,survival,survival
MARCHF6,ARFGAP1,0.5104298100034795,0.5104298100034795,positive co-expression,survival,survival
RPL21,RMND5B,-0.5102301028562016,0.5102301028562016,negative/opposite expression,survival,survival
CDC20,GSK3B,0.510075573539811,0.510075573539811,positive co-expression,curated_breast_cancer_marker; recurrence,survival
TTYH1,ELF5,0.509754038003352,0.509754038003352,positive co-expression,tumor_subtype,tumor_subtype
C1R,SDHD,0.5095620541473597,0.5095620541473597,positive co-expression,survival,survival
CLEC10A,PLPP3,0.5091932504587052,0.5091932504587052,positive co-expression,tumor_subtype,survival
MKI67,DNMT3B,0.5078694739754285,0.5078694739754285,positive co-expression,curated_breast_cancer_marker; recurrence,tumor_subtype
PLPP3,CHTF18,-0.5064337024336194,0.5064337024336194,negative/opposite expression,survival,survival
ISCU,C1R,0.5060136193935928,0.5060136193935928,positive co-expression,survival,survival
PLPP3,KLRB1,0.5054281117973392,0.5054281117973392,positive co-expression,survival,survival
MARCHF6,PRNP,-0.5041309451710176,0.5041309451710176,negative/opposite expression,survival,survival
INAVA,ABAT,-0.5041149090485808,0.5041149090485808,negative/opposite expression,tumor_subtype,tumor_subtype
MAGED2,ABAT,0.5029677784574934,0.5029677784574934,positive co-expression,tumor_subtype,tumor_subtype
SUSD3,SLC39A6,0.5019465888066237,0.5019465888066237,positive co-expression,tumor_subtype,tumor_subtype
SIAH2,RERG,0.4999051491800656,0.4999051491800656,positive co-expression,tumor_subtype,tumor_subtype
RFWD3,DNMT3B,0.4988954680956473,0.4988954680956473,positive co-expression,tumor_subtype,tumor_subtype
EGFR,TTYH1,0.49884985855560426,0.49884985855560426,positive co-expression,curated_breast_cancer_marker; tumor_subtype,tumor_subtype
KRT5,IL34,0.4982601311575553,0.4982601311575553,positive co-expression,curated_breast_cancer_marker; tumor_subtype,tumor_subtype
RPL10A,ARFGAP1,-0.4982331682088128,0.4982331682088128,negative/opposite expression,survival,survival
CDC20,INAVA,0.4972978282274248,0.4972978282274248,positive co-expression,curated_breast_cancer_marker; recurrence,tumor_subtype
RAB17,ABAT,0.49623174679991205,0.49623174679991205,positive co-expression,tumor_subtype,tumor_subtype
PLPP3,RMND5B,-0.49573450495754273,0.49573450495754273,negative/opposite expression,survival,survival
SMIM14,FABP5,-0.4956765835756667,0.4956765835756667,negative/opposite expression,tumor_subtype,tumor_subtype
FOXP1-IT1,EZR,0.49563041797619306,0.49563041797619306,positive co-expression,survival,survival
C1R,KLRB1,0.4936748546616642,0.4936748546616642,positive co-expression,survival,survival
CFH,SDHD,0.4934263167008909,0.4934263167008909,positive co-expression,survival,survival
RAB17,OVOL2,0.4925135473270745,0.4925135473270745,positive co-expression,tumor_subtype,tumor_subtype
FCN1,FABP5,0.4921948703615424,0.4921948703615424,positive co-expression,tumor_subtype,tumor_subtype
C1R,EZR,-0.491630173513129,0.491630173513129,negative/opposite expression,survival,survival
CDC20,CHTF18,0.4908865940616574,0.4908865940616574,positive co-expression,curated_breast_cancer_marker; recurrence,survival
RPL21,CHTF18,-0.49072166608002166,0.49072166608002166,negative/opposite expression,survival,survival
MARCHF6,RPL10A,-0.49006336982577026,0.49006336982577026,negative/opposite expression,survival,survival
PRNP,EZR,-0.48969624225233516,0.48969624225233516,negative/opposite expression,survival,survival
CDC20,ISCU,-0.4896481400753335,0.4896481400753335,negative/opposite expression,curated_breast_cancer_marker; recurrence,survival
SUSD3,INAVA,-0.489373509322032,0.489373509322032,negative/opposite expression,tumor_subtype,tumor_subtype
RMND5B,C1R,-0.4891305001899656,0.4891305001899656,negative/opposite expression,survival,survival
ABAT,RERG,0.4891070679766431,0.4891070679766431,positive co-expression,tumor_subtype,tumor_subtype
CFH,SELENOF,0.48777912568620196,0.48777912568620196,positive co-expression,survival,survival
SUSD3,RERG,0.48767013414254795,0.48767013414254795,positive co-expression,tumor_subtype,tumor_subtype
ESR1,FABP5,-0.48755764647181205,0.48755764647181205,negative/opposite expression,curated_breast_cancer_marker; tumor_subtype,tumor_subtype
KRT5,ELF5,0.4871336365776624,0.4871336365776624,positive co-expression,curated_breast_cancer_marker; tumor_subtype,tumor_subtype
RAB17,SLC43A3,-0.4870232405887143,0.4870232405887143,negative/opposite expression,tumor_subtype,tumor_subtype
CDH3,FOXC1,0.48695530537903564,0.48695530537903564,positive co-expression,tumor_subtype,tumor_subtype
SLC43A3,C1R,0.4867118024001257,0.4867118024001257,positive co-expression,tumor_subtype,survival
PLPP3,SELENOF,0.48659444483894587,0.48659444483894587,positive co-expression,survival,survival
INAVA,RERG,-0.4864975480879966,0.4864975480879966,negative/opposite expression,tumor_subtype,tumor_subtype
CFH,CHTF18,-0.48646445189084603,0.48646445189084603,negative/opposite expression,survival,survival
COL10A1,BGN,0.4864242801493964,0.4864242801493964,positive co-expression,cancer_signature,cancer_signature
EGFR,FABP5,0.485808317936599,0.485808317936599,positive co-expression,curated_breast_cancer_marker; tumor_subtype,tumor_subtype
KRT17,TTYH1,0.48555074548111293,0.48555074548111293,positive co-expression,curated_breast_cancer_marker; tumor_subtype,tumor_subtype
RPL21,PLPP3,0.48541335524423723,0.48541335524423723,positive co-expression,survival,survival
ESR1,FOXC1,-0.4851035386072888,0.4851035386072888,negative/opposite expression,curated_breast_cancer_marker; tumor_subtype,tumor_subtype
C1R,SELENOF,0.48451890073933707,0.48451890073933707,positive co-expression,survival,survival
RPL10A,FOXP1-IT1,-0.48348106460351636,0.48348106460351636,negative/opposite expression,survival,survival
RPL10A,CTHRC1,0.48318430010033464,0.48318430010033464,positive co-expression,survival,cancer_signature
INAVA,DNMT3B,0.4820238700298017,0.4820238700298017,positive co-expression,tumor_subtype,tumor_subtype
PLPP3,SDHD,0.48057626735601583,0.48057626735601583,positive co-expression,survival,survival
DNMT3B,ISCU,-0.4804580003346329,0.4804580003346329,negative/opposite expression,tumor_subtype,survival
GSK3B,SELENOF,-0.47905774953516483,0.47905774953516483,negative/opposite expression,survival,survival
ESR1,SLC43A3,-0.47828424307193096,0.47828424307193096,negative/opposite expression,curated_breast_cancer_marker; tumor_subtype,tumor_subtype
TTYH1,FOXC1,0.4766572864799417,0.4766572864799417,positive co-expression,tumor_subtype,tumor_subtype
FOXP1-IT1,ARFGAP1,0.4762789502048737,0.4762789502048737,positive co-expression,survival,survival
RMND5B,FOXP1-IT1,0.4757019042084904,0.4757019042084904,positive co-expression,survival,survival
RPL21,ISCU,0.474874854550107,0.474874854550107,positive co-expression,survival,survival
DNMT3B,GSK3B,0.47483553641884624,0.47483553641884624,positive co-expression,tumor_subtype,survival
EZR,SDHD,-0.47432913689881084,0.47432913689881084,negative/opposite expression,survival,survival
RPL21,EZR,-0.47417456830052274,0.47417456830052274,negative/opposite expression,survival,survival
KRT17,IL34,0.4732048595862653,0.4732048595862653,positive co-expression,curated_breast_cancer_marker; tumor_subtype,tumor_subtype
ARFGAP1,CHTF18,0.47293934692193323,0.47293934692193323,positive co-expression,survival,survival
BCL10,ARFGAP1,-0.4723966590516785,0.4723966590516785,negative/opposite expression,survival,survival
FOXP1-IT1,CTHRC1,-0.4723127175013394,0.4723127175013394,negative/opposite expression,survival,cancer_signature
FCN1,C1R,0.4719028045249809,0.4719028045249809,positive co-expression,tumor_subtype,survival
ESR1,PRNP,-0.4714347869871157,0.4714347869871157,negative/opposite expression,curated_breast_cancer_marker; tumor_subtype,survival
BCL10,SDHD,0.4696213499453118,0.4696213499453118,positive co-expression,survival,survival
MARCHF6,CTHRC1,-0.46899582470312035,0.46899582470312035,negative/opposite expression,survival,cancer_signature
SMIM14,MAGED2,0.4675626427376809,0.4675626427376809,positive co-expression,tumor_subtype,tumor_subtype
KRT14,TTYH1,0.46737075661080113,0.46737075661080113,positive co-expression,curated_breast_cancer_marker; tumor_subtype,tumor_subtype
ISCU,KLRB1,0.4667573472207144,0.4667573472207144,positive co-expression,survival,survival
CDH3,TTYH1,0.46661907673129255,0.46661907673129255,positive co-expression,tumor_subtype,tumor_subtype
MAGED2,RERG,0.46630774085479654,0.46630774085479654,positive co-expression,tumor_subtype,tumor_subtype
RAB17,RMND5B,0.46614743099910966,0.46614743099910966,positive co-expression,tumor_subtype,survival
PRRG2,FABP5,-0.466082843203692,0.466082843203692,negative/opposite expression,tumor_subtype,tumor_subtype
MAGED2,SLC43A3,-0.46519593110200314,0.46519593110200314,negative/opposite expression,tumor_subtype,tumor_subtype
RPL21,GSK3B,-0.46510343669770055,0.46510343669770055,negative/opposite expression,survival,survival
CDH3,MAGED2,-0.46343702104185946,0.46343702104185946,negative/opposite expression,tumor_subtype,tumor_subtype
CFH,COL10A1,0.46295600045176144,0.46295600045176144,positive co-expression,survival,cancer_signature
RPL21,PRNP,0.4619906665669703,0.4619906665669703,positive co-expression,survival,survival
MAGED2,FOXC1,-0.4617312765589067,0.4617312765589067,negative/opposite expression,tumor_subtype,tumor_subtype
DDX41,SELENOF,-0.4606735000804917,0.4606735000804917,negative/opposite expression,recurrence; survival,survival
RMND5B,CFH,-0.46023619503695407,0.46023619503695407,negative/opposite expression,survival,survival
FABP5,RMND5B,-0.45998656559069995,0.45998656559069995,negative/opposite expression,tumor_subtype,survival
PRRG2,RMND5B,0.45975572339140564,0.45975572339140564,positive co-expression,tumor_subtype,survival
SMIM14,PRNP,-0.45967737677670406,0.45967737677670406,negative/opposite expression,tumor_subtype,survival
BCL10,PLPP3,0.45831095587944903,0.45831095587944903,positive co-expression,survival,survival
PRRG2,MAGED2,0.45806805215437085,0.45806805215437085,positive co-expression,tumor_subtype,tumor_subtype
BCL10,CFH,0.45756658557302576,0.45756658557302576,positive co-expression,survival,survival
EZR,SELENOF,-0.45683032479698527,0.45683032479698527,negative/opposite expression,survival,survival
DNMT3B,CHTF18,0.45657117883602294,0.45657117883602294,positive co-expression,tumor_subtype,survival
ISCU,GSK3B,-0.4560956808327943,0.4560956808327943,negative/opposite expression,survival,survival
SDHD,CHTF18,-0.4560593472384008,0.4560593472384008,negative/opposite expression,survival,survival
CLEC10A,C1R,0.4559541788449913,0.4559541788449913,positive co-expression,tumor_subtype,survival
KRT5,PRNP,0.45572293195319785,0.45572293195319785,positive co-expression,curated_breast_cancer_marker; tumor_subtype,survival
KRT17,ELF5,0.4551289103308567,0.4551289103308567,positive co-expression,curated_breast_cancer_marker; tumor_subtype,tumor_subtype
CDC20,RERG,-0.4547712277322236,0.4547712277322236,negative/opposite expression,curated_breast_cancer_marker; recurrence,tumor_subtype
PRNP,SDHD,0.45463707109827883,0.45463707109827883,positive co-expression,survival,survival
EGFR,SLC43A3,0.4530787389360274,0.4530787389360274,positive co-expression,curated_breast_cancer_marker; tumor_subtype,tumor_subtype
EGFR,ELF5,0.45271919694714696,0.45271919694714696,positive co-expression,curated_breast_cancer_marker; tumor_subtype,tumor_subtype
ESR1,PRRG2,0.4526557269439509,0.4526557269439509,positive co-expression,curated_breast_cancer_marker; tumor_subtype,tumor_subtype
INAVA,MAGED2,-0.4521920206836599,0.4521920206836599,negative/opposite expression,tumor_subtype,tumor_subtype
RFWD3,INAVA,0.45211868191522153,0.45211868191522153,positive co-expression,tumor_subtype,tumor_subtype
EGFR,INAVA,0.45208625796113366,0.45208625796113366,positive co-expression,curated_breast_cancer_marker; tumor_subtype,tumor_subtype
ESR1,OVOL2,0.4517287605594332,0.4517287605594332,positive co-expression,curated_breast_cancer_marker; tumor_subtype,tumor_subtype
FCN1,RAB17,-0.45159851675818946,0.45159851675818946,negative/opposite expression,tumor_subtype,tumor_subtype
CLEC10A,ISCU,0.45107132147894613,0.45107132147894613,positive co-expression,tumor_subtype,survival
RMND5B,MARCHF6,0.4506837809039447,0.4506837809039447,positive co-expression,survival,survival
MARCHF6,ZFP36L2,-0.4500634343003949,0.4500634343003949,negative/opposite expression,survival,survival
